date,account_value,reward,daily_volatility,trade_count,window
2021-05-05,1068493.81387,6.84938144683838,26117.852514044,1,1
2021-05-06,1040416.30387,-2.80775094032288,25638.7861678491,0,1
2021-05-07,1024515.01387,-1.5901290178299,26077.2151972726,0,1
2021-05-08,1060288.81387,3.57737994194031,26707.1584226489,0,1
2021-05-09,1085954.05387,2.56652402877808,26407.741521014,0,1
2021-05-10,1035673.81387,-5.02802419662476,25269.4375761129,0,1
2021-05-11,1102643.02387,6.69692087173462,25612.364565465,0,1
2021-05-12,975859.36387,-12.6783657073975,22393.9514307239,0,1
2021-05-13,937213.81387,-3.86455488204956,22440.9926759951,0,1
2021-05-14,988921.72387,5.1707911491394,22437.7854833691,0,1
2021-05-15,924594.52387,-6.43272018432617,21089.5549030673,0,1
2021-05-16,926087.83387,0.149331003427506,20946.9602081087,0,1
2021-05-17,840345.58387,-8.57422542572022,19662.194767894,0,1
2021-05-18,833469.79387,-0.687578976154327,19319.8516318498,0,1
2021-05-19,549445.51387,-28.4024276733398,16664.2567535276,0,1
2021-05-20,641948.68387,9.25031661987305,18385.309035398,0,1
2021-05-21,535021.12387,-10.6927556991577,16932.7575524215,0,1
2021-05-22,491944.87387,-4.30762481689453,17061.8642870018,0,1
2021-05-23,427880.23387,-6.40646409988403,15798.849264598,0,1
2021-05-24,567233.95387,13.9353723526001,17608.1518677704,0,1
2021-05-25,563197.09387,-0.403685986995697,17374.734884144,0,1
2021-05-26,622240.27387,5.90431785583496,17758.946222966,0,1
2021-05-27,606667.18387,-1.55730903148651,17456.61717997,0,1
2021-05-28,539632.33387,-6.70348501205444,16188.2464100738,0,1
2021-05-29,500609.35387,-3.90229797363281,15724.6791918881,0,1
2021-05-30,534299.08387,3.36897301673889,16184.2113350643,0,1
2021-05-31,579853.24387,4.55541610717773,16867.8589751779,0,1
2021-06-01,594720.70387,1.48674595355988,16616.8099259381,0,1
2021-06-02,658965.85387,6.42451477050781,17003.5910028624,0,1
2021-06-03,703174.39387,4.42085409164429,17754.369529094,0,1
2021-06-04,641177.41387,-6.19969797134399,16661.7959941838,0,1
2021-06-05,640159.99387,-0.101741999387741,16055.7873718752,0,1
2021-06-06,646149.64387,0.598964989185333,16170.2523075368,0,1
2021-06-07,587451.07387,-5.86985683441162,15149.0935489905,0,1
2021-06-08,578491.21387,-0.895986020565033,15087.4858550809,0,1
2021-06-09,616299.85387,3.78086400032043,16945.7295641986,0,1
2021-06-10,577572.25387,-3.87276005744934,16646.2024486327,0,1
2021-06-11,567414.46387,-1.0157790184021,16981.9273319262,0,1
2021-06-12,564050.41387,-0.336405009031296,16138.0287093237,0,1
2021-06-13,600316.51387,3.62661004066467,17738.3971809788,0,1
2021-06-14,607520.50387,0.720399022102356,18426.1278467314,0,1
2021-06-15,601432.39387,-0.608811020851135,18259.8267913387,0,1
2021-06-16,569826.73387,-3.16056609153748,17457.4407787988,0,1
2021-06-17,579065.56387,0.923883020877838,17334.2789764334,0,1
2021-06-18,553318.27387,-2.57472896575928,16297.9941726643,0,1
2021-06-19,548149.12387,-0.516915023326874,16155.5374821081,0,1
2021-06-20,556468.99387,0.831987023353577,16192.0393053521,0,1
2021-06-21,444355.87387,-11.2113122940063,14407.4484492316,0,1
2021-06-22,430144.81387,-1.42110598087311,14835.1234892902,0,1
2021-06-23,486184.96387,5.60401487350464,15357.4476441649,0,1
2021-06-24,506484.13387,2.02991700172424,15813.556808201,0,1
2021-06-25,460847.92387,-4.56362104415894,14410.0305871624,0,1
2021-06-26,458944.36387,-0.190356001257896,14735.0874147398,0,1
2021-06-27,477356.38387,1.84120202064514,15837.1712668947,0,1
2021-06-28,475928.71387,-0.142766997218132,15718.473282488,0,1
2021-06-29,493635.10387,1.77063894271851,16365.3939425552,0,1
2021-06-30,498426.82387,0.479171991348267,15932.7553235723,0,1
2021-07-01,471711.34387,-2.67154788970947,15248.1220596228,0,1
2021-07-02,471284.68387,-0.0426659993827343,15370.6213099406,0,1
2021-07-03,1038051.796123,3.80517959594727,15767.6835108296,1,2
2021-07-04,1071086.486123,3.30346894264221,16035.3660587029,0,2
2021-07-05,1051592.886123,-1.94936001300812,15312.316016515,0,2
2021-07-06,1113902.786123,6.23098993301392,15530.1769785459,0,2
2021-07-07,1140323.576123,2.64207911491394,15361.0190357071,0,2
2021-07-08,1079858.606123,-6.04649686813355,14944.0368253078,0,2
2021-07-09,1104051.556123,2.41929507255554,15378.292550218,0,2
2021-07-10,1100674.986123,-0.337657004594803,15239.0209010356,0,2
2021-07-11,1121700.226123,2.10252404212952,15587.0858965028,0,2
2021-07-12,1100674.986123,-2.10252404212952,15060.1212152942,0,2
2021-07-13,1075681.406123,-2.49935793876648,14913.7213617282,0,2
2021-07-14,1077282.666123,0.160126000642777,14944.2965546146,0,2
2021-07-15,1100640.176123,2.33575105667114,14516.2016937865,0,2
2021-07-16,1054586.546123,-4.60536289215088,14295.3081343985,0,2
2021-07-17,1046371.386123,-0.82151597738266,14354.9842776252,0,2
2021-07-18,1051871.366123,0.549997985363007,14478.03761499,0,2
2021-07-19,976821.006123,-7.50503587722778,14057.1809648806,0,2
2021-07-20,920776.906123,-5.60441017150879,13574.2261335329,0,2
2021-07-21,1021099.326123,10.0322418212891,14630.1156354517,0,2
2021-07-22,1021447.426123,0.0348099991679192,14691.3000525776,0,2
2021-07-23,1042020.136123,2.05727100372314,15302.1813741208,0,2
2021-07-24,1049991.626123,0.797149002552033,15582.3906166352,0,2
2021-07-25,1053472.626123,0.348100006580353,16109.754608647,0,2
2021-07-26,1058485.266123,0.501263976097107,16975.3395758435,0,2
2021-07-27,1091485.146123,3.29998803138733,18003.0019361482,0,2
2021-07-28,1092599.066123,0.111391998827457,18267.1327671166,0,2
2021-07-29,1103842.696123,1.12436294555664,18247.0669486852,0,2
2021-07-30,1123162.246123,1.93195497989655,19259.7975625412,0,2
2021-07-31,1157276.046123,3.41138005256653,18891.7131700054,0,2
2021-08-01,1158007.056123,0.0731009989976883,18125.2829672777,0,2
2021-08-02,1150905.816123,-0.710124015808106,17786.3836751269,0,2
2021-08-03,1126121.096123,-2.47847199440002,17366.2938966282,0,2
2021-08-04,1165595.636123,3.94745397567749,18030.962853098,0,2
2021-08-05,1176525.976123,1.09303402900696,18544.6357924447,0,2
2021-08-06,1192120.856123,1.55948805809021,19459.0892595797,0,2
2021-08-07,1240123.846123,4.80029916763306,20215.2924245192,0,2
2021-08-08,1190032.256123,-5.00915908813477,19884.3038785493,0,2
2021-08-09,1233649.186123,4.36169290542603,21006.8682154216,0,2
2021-08-10,1294914.786123,6.12656021118164,20691.7305542883,0,2
2021-08-11,1361193.026123,6.62782382965088,20647.9840599598,0,2
2021-08-12,1342743.726123,-1.84493005275726,20150.3383243921,0,2
2021-08-13,1430116.826123,8.7373104095459,21685.8409198096,0,2
2021-08-14,1422841.536123,-0.727528989315033,21354.6702427991,0,2
2021-08-15,1441569.316123,1.87277805805206,21299.3614191897,0,2
2021-08-16,1447382.586123,0.581327021121979,20828.3031371006,0,2
2021-08-17,1398927.066123,-4.84555196762085,20293.2896334445,0,2
2021-08-18,1379259.416123,-1.96676504611969,20298.5322617923,0,2
2021-08-19,1501512.136123,12.2252721786499,21220.792232554,0,2
2021-08-20,1583872.596123,8.23604583740234,22399.1814349101,0,2
2021-08-21,1562325.206123,-2.15473890304565,22178.2584754294,0,2
2021-08-22,1562116.346123,-0.0208860002458096,22371.6321886108,0,2
2021-08-23,1737489.126123,17.5372772216797,22458.3787128234,0,2
2021-08-24,1641970.486123,-9.55186367034912,21643.3257461977,0,2
2021-08-25,1751865.656123,10.9895172119141,22234.8815616909,0,2
2021-08-26,1664527.366123,-8.7338285446167,21267.4621093449,0,2
2021-08-27,1721615.766123,5.70883989334106,22272.5712751631,0,2
2021-08-28,1692723.466123,-2.88923001289368,22198.7383125903,0,2
2021-08-29,1670096.966123,-2.26265001296997,22144.8777636911,0,2
2021-08-30,1602565.566123,-6.75313997268677,21308.2433734005,0,2
2021-09-02,1000634.27452462,0.0634274557232857,22249.6303814753,2,3
2021-09-03,1026211.74385778,2.55774688720703,22570.4373192078,0,3
2021-09-04,1019483.21956633,-0.672852456569672,22539.797064576,0,3
2021-09-05,1048510.45018903,2.90272307395935,23390.6846441403,0,3
2021-09-06,1056768.16284333,0.825771272182465,23824.7226732741,0,3
2021-09-07,933918.216174357,-12.2849950790405,21219.2999723873,0,3
2021-09-08,931209.898910053,-0.270831733942032,20822.9409253678,1,3
2021-09-09,927278.654807678,-0.393124401569366,21000.1447216352,0,3
2021-09-10,885289.183645628,-4.19894695281982,20324.3179442597,0,3
2021-09-11,895502.946271299,1.02137625217438,20462.8970204628,0,3
2021-09-12,920603.467275868,2.51005220413208,20831.7471725585,0,3
2021-09-13,894696.582602628,-2.59068846702576,20350.9702882628,0,3
2021-09-14,936849.583868934,4.2153000831604,21337.0950086041,0,3
2021-09-15,968440.937441238,3.15913534164429,21770.06841375,0,3
2021-09-16,958892.353338781,-0.954858422279358,21600.9944842012,0,3
2021-09-17,935325.557163797,-2.35667967796326,21435.1044368225,0,3
2021-09-18,951078.259956985,1.57527029514313,21893.6810695466,0,3
2021-09-19,926872.537065685,-2.42057228088379,21422.2974235305,0,3
2021-09-20,838124.258206192,-8.87482833862305,19519.3622902958,0,3
2021-09-21,787853.08592505,-5.02711725234985,18495.7040662624,0,3
2021-09-22,855294.856685079,6.74417686462402,19742.8336599908,0,3
2021-09-23,879304.483745523,2.40096259117126,20347.6689369656,0,3
2021-09-24,830357.677173761,-4.89468050003052,19435.5790447639,0,3
2021-09-25,827943.192008486,-0.241448521614075,19372.5525353286,0,3
2021-09-26,848791.139511848,2.08479475975037,19575.4746449843,0,3
2021-09-27,822110.733926838,-2.66804051399231,19129.0524366827,0,3
2021-09-28,795582.785828005,-2.65279483795166,18627.839191909,0,3
2021-09-29,806509.590308972,1.09268045425415,18843.4876806221,0,3
2021-09-30,850329.525940834,4.38199377059937,19888.9246098096,0,3
2021-10-01,935578.243551324,8.52487182617188,21846.517992654,0,3
2021-10-02,938022.445867191,0.244420230388641,21589.9958485282,0,3
2021-10-03,948033.745193437,1.00112998485565,21848.7279841067,0,3
2021-10-04,956834.136058603,0.880039095878601,22338.9269744458,0,3
2021-10-05,997710.857820309,4.08767223358154,23365.0761237541,0,3
2021-10-06,1050054.18141554,5.23433256149292,25163.2975581991,0,3
2021-10-07,1033176.58702295,-1.68775939941406,24439.5004765323,0,3
2021-10-08,1032492.8741504,-0.0683712884783745,24527.9086428043,0,3
2021-10-09,1045679.30316553,1.31864285469055,24994.6758963869,0,3
2021-10-10,1024692.81229963,-2.09864902496338,24896.8594040667,0,3
2021-10-11,1072193.61295909,4.75008010864258,26191.1700718981,0,3
2021-10-12,1049102.8009846,-2.30908131599426,25499.9258907015,0,3
2021-10-13,1078107.17043104,2.90043687820435,26113.2329187943,0,3
2021-10-14,1097871.71548917,1.97645449638367,26064.3817158939,0,3
2021-10-15,1157987.63623891,6.01159191131592,28083.0998891413,0,3
2021-10-16,1144220.22401268,-1.37674117088318,27718.5447434076,0,3
2021-10-17,1153852.73295444,0.963250875473023,28020.9444118697,0,3
2021-10-18,1148501.38521157,-0.535134792327881,28266.0819016196,0,3
2021-10-19,1189990.93935907,4.14895534515381,29305.9658083064,0,3
2021-10-20,1241499.96386221,5.15090227127075,30051.5791208349,0,3
2021-10-21,1184253.76762802,-5.72461938858032,28289.6638341761,0,3
2021-10-22,1157498.7177401,-2.67550492286682,27596.3389734073,0,3
2021-10-23,1185890.2726067,2.83915543556213,27834.8272228312,0,3
2021-10-24,1171457.04768082,-1.44332253932953,27650.8781481397,0,3
2021-10-25,1213074.42995656,4.16173839569092,28667.1190771343,0,3
2021-10-26,1170575.73214141,-4.24986982345581,27393.4103360332,0,3
2021-10-27,1124865.52528026,-4.57102060317993,26544.0764043321,0,3
2021-10-28,1190373.83652016,6.55083131790161,27473.2812939558,0,3
2021-10-29,1224901.42137606,3.45275855064392,28224.8253191103,0,3
2021-10-30,1209706.21248668,-1.51952087879181,28060.1048757773,0,3
2021-10-31,1199163.44454962,-1.0542768239975,27805.3104191751,0,3
2021-11-02,1005520.34931,0.552034914493561,28637.0971053636,1,4
2021-11-03,1030902.34931,2.53819990158081,28478.3726579112,0,4
2021-11-04,1013316.24931,-1.75861001014709,27789.310063717,0,4
2021-11-05,1101428.04931,8.81118011474609,27573.5324462717,0,4
2021-11-06,1156543.24931,5.51151990890503,27807.4719234681,0,4
2021-11-07,1178117.94931,2.15746998786926,28632.8916036168,0,4
2021-11-08,1185188.64931,0.707069993019104,30591.7507622957,0,4
2021-11-09,1151648.14931,-3.35404992103577,30340.4831800927,0,4
2021-11-10,1113756.44931,-3.78917002677918,29395.8391515492,0,4
2021-11-11,1139682.34931,2.59259009361267,29322.0785551836,0,4
2021-11-12,1136962.84931,-0.271950006484985,29026.9499249604,0,4
2021-11-13,1177936.64931,4.0973801612854,29146.9288289079,0,4
2021-11-14,1180293.54931,0.235689997673035,29686.5313084346,0,4
2021-11-15,1149472.54931,-3.08209991455078,28804.1413700754,0,4
2021-11-16,1067706.24931,-8.1766300201416,27221.1851385901,0,4
2021-11-17,1048307.14931,-1.93991005420685,27341.9426738518,0,4
2021-11-18,964546.54931,-8.37605953216553,25790.3677805856,0,4
2021-11-19,1053746.14931,8.91996002197266,26260.6636465722,0,4
2021-11-20,1095989.04931,4.224289894104,27008.7720975501,0,4
2021-11-21,1059185.14931,-3.68038988113403,26535.7730965004,0,4
2021-11-22,1014404.04931,-4.47810983657837,25461.0142262143,0,4
2021-11-23,1072057.44931,5.76533985137939,26008.1325553147,0,4
2021-11-24,1070607.04931,-0.14504000544548,25833.5148700473,0,4
2021-11-25,1159081.44931,8.84743976593018,26624.3271589687,0,4
2021-11-26,1065168.04931,-9.39134025573731,24276.9648647799,0,4
2021-11-27,1088011.84931,2.28437995910645,24730.2783699043,0,4
2021-11-28,1108680.04931,2.06681990623474,25886.9772479798,0,4
2021-11-29,1130617.34931,2.1937301158905,26088.1447229235,0,4
2021-11-30,1128985.64931,-0.163169994950295,25660.8787319686,0,4
2021-12-01,1138050.64931,0.906499981880188,25779.3393159927,0,4
2021-12-02,1124271.84931,-1.37787997722626,25465.2737914609,0,4
2021-12-03,1079128.14931,-4.51436996459961,24179.1022116156,0,4
2021-12-04,1031264.94931,-4.78632020950317,22113.7372625348,0,4
2021-12-05,1011684.54931,-1.95803999900818,22214.7892920775,0,4
2021-12-06,1065530.64931,5.38461017608643,22667.3743234961,0,4
2021-12-07,1049576.24931,-1.59544003009796,22747.393713603,0,4
2021-12-08,1101246.74931,5.16704988479614,22657.4469301243,0,4
2021-12-09,1034165.74931,-6.70809984207153,21359.9205617754,0,4
2021-12-10,1001894.34931,-3.22713994979858,21217.3144214059,0,4
2021-12-11,1023831.64931,2.1937301158905,22232.3571865708,0,4
2021-12-12,1034347.04931,1.05154001712799,22534.6713711708,0,4
2021-12-13,944966.14931,-8.93809032440186,21043.8285674864,0,4
2021-12-14,957838.44931,1.28723001480103,21797.6510544615,0,4
2021-12-15,981407.44931,2.35689997673035,22006.1821363018,0,4
2021-12-16,954393.74931,-2.70137000083923,21442.9788054878,0,4
2021-12-17,953124.64931,-0.126910001039505,20754.2573407771,0,4
2021-12-18,968353.84931,1.52292001247406,21065.2647940733,0,4
2021-12-19,960920.54931,-0.743330001831055,21001.7056988464,0,4
2021-12-20,950405.14931,-1.05154001712799,21108.5034289328,0,4
2021-12-21,958201.04931,0.779590010643005,22022.2733546234,0,4
2021-12-22,967809.94931,0.960889995098114,21886.1871389854,0,4
2021-12-23,995730.14931,2.79202008247376,22913.3771350668,0,4
2021-12-24,983220.44931,-1.25097000598907,22919.9584675967,0,4
2021-12-25,992829.34931,0.960889995098114,22710.666529779,0,4
2021-12-26,991016.34931,-0.18129999935627,22894.289198203,0,4
2021-12-27,1022381.24931,3.13649010658264,22860.4629045496,0,4
2021-12-28,968897.74931,-5.34835004806519,21433.7846637141,0,4
2021-12-29,933181.64931,-3.57160997390747,20965.3591229347,0,4
2021-12-30,940433.64931,0.725199997425079,21256.4471719623,0,4
2022-01-03,980896.800131609,-1.91032004356384,20928.8198589733,2,5
2022-01-04,983889.653918594,0.299285382032394,20637.22111172,1,5
2022-01-05,920595.143230442,-6.32945108413696,19576.8477887978,1,5
2022-01-06,890216.952718314,-3.03781914710999,19431.7674465128,1,5
2022-01-07,837153.129260231,-5.30638217926025,18768.5761324069,0,5
2022-01-08,805776.976977083,-3.13761520385742,18851.5957343793,0,5
2022-01-09,824044.626872232,1.82676494121552,18921.292978963,0,5
2022-01-10,804770.442039041,-1.92741847038269,18919.7567326403,0,5
2022-01-11,850376.005325549,4.56055641174316,19303.1993094277,0,5
2022-01-12,886328.682537207,3.59526777267456,19821.3095103651,0,5
2022-01-13,853685.180187335,-3.26435017585754,19220.3891232034,0,5
2022-01-14,872618.315010994,1.89331352710724,19437.6604282328,0,5
2022-01-15,877995.588707376,0.537727355957031,19444.0115719131,0,5
2022-01-16,883762.907408525,0.576731860637665,19432.6079989577,0,5
2022-01-17,846754.620187335,-3.70082879066467,19058.2254537095,0,5
2022-01-18,834576.207732612,-1.21784126758575,19140.5807959999,0,5
2022-01-19,815043.456595804,-1.95327508449554,18833.382847565,0,5
2022-01-20,790736.998104359,-2.43064594268799,18395.6949724277,0,5
2022-01-21,678577.752525172,-11.2159242630005,16508.77951245,0,5
2022-01-22,636800.379492363,-4.17773723602295,15901.9393665832,1,5
2022-01-23,672007.723330459,3.52073431015015,16420.4958113877,1,5
2022-01-24,646344.608755471,-2.56631135940552,16640.8222288383,1,5
2022-01-25,654294.897549924,0.795028865337372,16773.3770122027,1,5
2022-01-26,652662.40047158,-0.16324970126152,16704.9057576649,2,5
2022-01-27,647570.172479272,-0.509222805500031,16874.5879396111,2,5
2022-01-28,673721.373773114,2.61512017250061,17111.6567868826,2,5
2022-01-29,687027.992547025,1.33066189289093,17310.6724821443,2,5
2022-01-30,683495.158037086,-0.3532834649086,17179.5239129171,1,5
2022-01-31,701367.53311728,1.78723752498627,17437.5075185367,0,5
2022-02-01,726336.185159846,2.49686527252197,17520.7782592954,0,5
2022-02-02,697796.51054424,-2.8539674282074,16701.5249525991,0,5
2022-02-03,702646.581323726,0.485007077455521,16892.4293907202,0,5
2022-02-04,776517.09422392,7.38705110549927,18828.040282899,0,5
2022-02-05,784606.175428011,0.808908104896545,18730.4172835352,0,5
2022-02-06,795746.22987788,1.11400544643402,19189.6718182331,0,5
2022-02-07,818404.008199602,2.2657778263092,19854.9047382404,0,5
2022-02-08,805715.348081708,-1.26886606216431,19961.9914477995,0,5
2022-02-09,838148.587980417,3.24332404136658,20086.2625498745,0,5
2022-02-10,798049.691226748,-4.00988960266113,19711.8940217835,0,5
2022-02-11,761846.253133369,-3.62034392356873,19218.5800553082,0,5
2022-02-12,761010.711671992,-0.0835541486740112,19146.1351601349,0,5
2022-02-13,748830.265359615,-1.21804463863373,19080.501580326,0,5
2022-02-14,763339.613274818,1.45093476772308,19293.5903504253,0,5
2022-02-15,827690.009997549,6.43503952026367,20177.6505490098,0,5
2022-02-16,812727.997468325,-1.49620127677917,19876.0205176858,0,5
2022-02-17,754720.801941713,-5.80071973800659,18350.9820555855,0,5
2022-02-18,729079.715038879,-2.5641086101532,18120.9835498874,0,5
2022-02-19,725775.25280071,-0.33044621348381,18173.5143710639,0,5
2022-02-20,688965.164391101,-3.68100881576538,17412.0966275562,0,5
2022-02-21,669993.748124537,-1.89714157581329,16780.7776010715,0,5
2022-02-22,690239.514848414,2.02457666397095,17336.9588825036,0,5
2022-02-23,675229.832853798,-1.50096821784973,16889.8118081424,0,5
2022-02-24,677548.525617199,0.231869280338287,17394.501736469,0,5
2022-02-25,719491.902578759,4.19433784484863,17774.0460279445,0,5
2022-02-26,721518.914227247,0.202701166272163,17723.8228431422,0,5
2022-02-27,681746.177896747,-3.97727370262146,17094.6960598745,0,5
2022-02-28,759094.172715222,7.7347993850708,19591.2464718444,0,5
2022-03-01,775144.439327107,1.60502660274506,20169.7521865011,0,5
2022-03-02,768944.275592717,-0.620016396045685,19927.1467016028,0,5
2022-03-05,1002640.17438405,0.264017432928085,17877.7771378827,2,6
2022-03-06,975824.443419388,-2.68157315254211,17444.650124674,3,6
2022-03-07,963600.261154435,-1.22241818904877,17252.3728453824,0,6
2022-03-08,983839.256860224,2.0238995552063,17583.5750972112,0,6
2022-03-09,1062775.04535975,7.89357900619507,19059.9063227306,1,6
2022-03-10,1000703.53684833,-6.20715093612671,17904.8804587526,0,6
2022-03-11,983003.122295247,-1.77004146575928,17589.6113492993,0,6
2022-03-12,985247.724424104,0.22446021437645,17623.5434513519,0,6
2022-03-13,959702.892533557,-2.55448317527771,17152.8427861008,0,6
2022-03-14,1005663.33335872,4.59604406356812,18025.6388510076,1,6
2022-03-15,997920.836945854,-0.774249613285065,17835.8950745643,1,6
2022-03-16,1045795.1433674,4.78743076324463,18662.1825850039,1,6
2022-03-17,1042873.73717246,-0.292140632867813,18560.0750530834,1,6
2022-03-18,1067027.35029176,2.41536140441895,18926.8137643767,1,6
2022-03-19,1077581.2478622,1.05538976192474,19132.3907708617,0,6
2022-03-20,1052654.24407435,-2.49270033836365,18711.8020130653,0,6
2022-03-21,1047933.81933381,-0.472042471170425,18582.037437721,0,6
2022-03-22,1082054.21039453,3.41203904151917,19203.9757032658,0,6
2022-03-23,1096494.6770436,1.44404661655426,19432.9040023107,0,6
2022-03-24,1124664.77544431,2.81700992584229,19937.3481392508,0,6
2022-03-25,1131596.09805486,0.693132281303406,20091.6104332287,0,6
2022-03-26,1137833.76971228,0.623767137527466,20174.3161824738,0,6
2022-03-27,1196483.47759064,5.86497068405151,21228.8049097923,0,6
2022-03-28,1204651.64240614,0.816816508769989,21359.5450948818,0,6
2022-03-29,1214467.18856528,0.981554627418518,21491.2749510126,0,6
2022-03-30,1205600.54182859,-0.886664688587189,21319.718379285,0,6
2022-03-31,1166026.38224287,-3.95741605758667,20612.1531018706,0,6
2022-04-01,1190612.71500863,2.45863318443298,20934.3585977232,0,6
2022-04-02,1179381.23519861,-1.12314796447754,20717.1516904279,0,6
2022-04-03,1196104.73119684,1.6723495721817,20977.8623817697,0,6
2022-04-04,1199921.0499107,0.381631880998611,21060.5807055588,0,6
2022-04-05,1170840.39744083,-2.90806531906128,20575.4700129391,0,6
2022-04-06,1108384.06249712,-6.24563360214233,19537.1574655595,0,6
2022-04-07,1117025.49046305,0.864142775535584,19649.4337992846,0,6
2022-04-08,1088513.45936909,-2.85120320320129,19099.51515614,0,6
2022-04-09,1102573.97749427,1.40605175495148,19320.4351410561,0,6
2022-04-10,1086808.04525551,-1.57659327983856,19054.3119474663,0,6
2022-04-11,1018130.01425355,-6.86780309677124,17870.6839561526,0,6
2022-04-12,1032499.5521071,1.43695378303528,18111.8627659627,0,6
2022-04-13,1060512.36995685,2.80128169059753,18595.04698069,0,6
2022-04-14,1029271.42081638,-3.12409496307373,18050.3965217782,0,6
2022-04-15,1043854.27255697,1.45828521251678,18332.6310131634,0,6
2022-04-16,1040675.42258015,-0.317885011434555,18247.1696920561,0,6
2022-04-17,1021876.90016625,-1.87985229492188,17935.3057206716,0,6
2022-04-18,1050104.84196393,2.82279419898987,18446.8763345252,0,6
2022-04-19,1067680.50104297,1.75756585597992,18761.3583529889,0,6
2022-04-20,1063568.37393983,-0.411212712526321,18704.2849049094,0,6
2022-04-21,1039877.74605035,-2.36906290054321,18314.0695604936,0,6
2022-04-22,1021554.63077587,-1.83231151103973,17955.3502781037,0,6
2022-04-23,1014281.17864677,-0.72734522819519,17837.0618943934,0,6
2022-04-24,1013981.10057356,-0.0300078075379133,17844.2185039979,0,6
2022-04-25,1039572.83254606,2.55917310714722,18283.966657042,0,6
2022-04-26,979120.645789935,-6.0452184677124,17241.6895390723,0,6
2022-04-27,1007795.74723044,2.86751008033752,17752.0397360404,0,6
2022-04-28,1021284.95871552,1.34892117977142,17976.0897835288,0,6
2022-04-29,990423.480977031,-3.08614778518677,17465.8060531282,0,6
2022-04-30,964823.19208686,-2.56002879142761,17034.7931045167,0,6
2022-05-05,933712.675648891,-6.62873220443726,16522.6860934017,3,7
2022-05-06,929920.198368934,-0.379247725009918,16280.4137768799,1,7
2022-05-07,903083.741213087,-2.68364572525024,16041.3277082811,1,7
2022-05-08,874957.706410253,-2.81260347366333,15393.435466971,1,7
2022-05-09,743676.786447608,-13.1280918121338,13605.9341941677,1,7
2022-05-10,789441.202424747,4.57644176483154,14018.7098122672,1,7
2022-05-11,694519.288674738,-9.49219131469727,13185.1010253417,1,7
2022-05-12,688518.433058561,-0.600085556507111,13177.4235387305,1,7
2022-05-13,726000.316737048,3.74818825721741,13282.41841935,1,7
2022-05-14,743089.389526131,1.70890724658966,13647.2470348402,1,7
2022-05-15,779041.855184349,3.59524655342102,14209.0137535306,0,7
2022-05-16,741511.142861451,-3.75307130813599,13554.0496163824,0,7
2022-05-17,761354.562921062,1.98434197902679,13806.1531466042,0,7
2022-05-18,715701.48390964,-4.56530809402466,13034.2680748207,0,7
2022-05-19,761019.932927023,4.53184509277344,13761.9940425386,0,7
2022-05-20,743493.651783457,-1.75262808799744,13249.7766055608,0,7
2022-05-21,762098.795184349,1.86051428318024,13358.6289250082,0,7
2022-05-22,780946.799675157,1.88480043411255,13741.8637573826,0,7
2022-05-23,767146.078549475,-1.38007211685181,13199.6312576686,0,7
2022-05-24,789507.201956328,2.23611235618591,13452.2691080534,0,7
2022-05-25,784003.199716885,-0.550400197505951,13407.9119157218,0,7
2022-05-26,742953.324010978,-4.10498762130737,13285.7162140808,0,7
2022-05-27,735404.835112816,-0.754848897457123,13031.0124557184,0,7
2022-05-28,748862.254040783,1.3457418680191,13204.5106642448,0,7
2022-05-29,749845.891807301,0.0983637794852257,13405.9790999191,0,7
2022-05-30,795857.43635772,4.60115432739258,14428.9399940629,0,7
2022-05-31,794312.476351759,-0.154495999217033,14472.9444787284,0,7
2022-06-01,743872.101771535,-5.04403734207153,13565.4577036342,0,7
2022-06-02,761985.336268304,1.81132340431213,13864.5385570623,0,7
2022-06-03,739648.331759613,-2.23370051383972,13525.4715810602,0,7
2022-06-04,745644.551777496,0.599622011184692,13595.5415181988,0,7
2022-06-05,742550.230651813,-0.309432119131088,13621.722854525,0,7
2022-06-06,748309.549514209,0.575931906700134,14295.7764201537,0,7
2022-06-07,738061.966149083,-1.02475833892822,14190.4194577492,0,7
2022-06-08,727553.856137161,-1.05081105232239,13762.0076066499,0,7
2022-06-09,729022.895035322,0.14690388739109,13717.6559321004,0,7
2022-06-10,713839.772789918,-1.51831221580505,13266.4943584765,0,7
2022-06-11,680418.379347299,-3.34213924407959,12984.8516521548,0,7
2022-06-12,640146.264802841,-4.02721166610718,12138.6650143278,0,7
2022-06-13,553605.071258884,-8.65411949157715,10270.8519746611,0,7
2022-06-14,550786.951258884,-0.281812012195587,10105.7201152955,0,7
2022-06-15,571803.255773536,2.10163044929504,10307.4728760836,0,7
2022-06-16,514684.915618548,-5.71183395385742,9322.46476956604,0,7
2022-06-17,524473.871211195,0.978895545005798,9348.79780540198,0,7
2022-06-18,481110.698864453,-4.33631706237793,8668.05472792419,0,7
2022-06-19,524642.116762114,4.35314178466797,9389.38802345972,0,7
2022-06-20,526899.575660276,0.225745886564255,9389.04740974646,0,7
2022-06-21,533885.68568412,0.69861102104187,9459.14774283956,0,7
2022-06-22,517961.532313033,-1.59241533279419,9130.73974885691,0,7
2022-06-23,551401.460186851,3.34399271011353,9634.90234658118,0,7
2022-06-24,571559.009150584,2.01575493812561,9674.54516451061,0,7
2022-06-25,572970.060258383,0.141105115413666,9790.28016092492,0,7
2022-06-26,559485.639108856,-1.34844207763672,9588.0671427179,0,7
2022-06-27,556901.941330416,-0.258369773626328,9450.06065003583,0,7
2022-06-28,541532.614618048,-1.53693270683289,9245.14092923172,0,7
2022-06-29,528153.41457036,-1.33791995048523,9182.01119736121,0,7
2022-06-30,526224.27679192,-0.192913770675659,9103.28654717746,0,7
2022-07-01,516439.396774036,-0.978488028049469,8794.41407070925,0,7
2022-07-02,518565.085672198,0.212568894028664,8779.7507003597,0,7
2022-07-03,1006693.271163,0.669327139854431,8807.61842589446,1,8
2022-07-04,1078598.651163,7.19053792953491,9221.46188457605,0,8
2022-07-05,1061264.151163,-1.73345005512238,9197.01462480444,0,8
2022-07-06,1111927.741163,5.06635904312134,9366.28601298057,0,8
2022-07-07,1159639.781163,4.77120399475098,9853.93005299916,0,8
2022-07-08,1137667.131163,-2.19726490974426,9844.99975882963,0,8
2022-07-09,1140459.391163,0.279226005077362,9842.31649751555,0,8
2022-07-10,1094864.971163,-4.55944204330444,9511.59867892646,0,8
2022-07-11,1027438.451163,-6.74265193939209,9106.27954633627,0,8
2022-07-12,973261.111163,-5.41773414611816,8821.19169532981,0,8
2022-07-13,1044866.651163,7.16055393218994,9228.73885788784,0,8
2022-07-14,1118346.191163,7.34795379638672,9376.27340861792,0,8
2022-07-15,1153792.901163,3.54467105865479,9481.61754600389,0,8
2022-07-16,1270543.101163,11.6750202178955,9623.84517923522,0,8
2022-07-17,1254426.701163,-1.61163997650146,9440.92615096751,0,8
2022-07-18,1481546.131163,22.7119426727295,10154.1592837921,0,8
2022-07-19,1445265.491163,-3.62806391716003,10615.178337586,0,8
2022-07-20,1425832.111163,-1.94333803653717,10540.6967827495,0,8
2022-07-21,1476308.301163,5.0476188659668,10493.7410863079,0,8
2022-07-22,1438659.641163,-3.76486611366272,10283.154797669,0,8
2022-07-23,1451215.441163,1.25557994842529,10171.0490704297,0,8
2022-07-24,1497156.551163,4.59411096572876,10220.5392582714,0,8
2022-07-25,1350131.881163,-14.7024669647217,9661.15439167598,0,8
2022-07-26,1357937.091163,0.780520975589752,9631.66367683982,0,8
2022-07-27,1532800.031163,17.4862937927246,10385.2671280371,0,8
2022-07-28,1615986.891163,8.31868553161621,10784.0542084825,0,8
2022-07-29,1613325.811163,-0.266108006238937,10747.8713540754,0,8
2022-07-30,1590200.651163,-2.3125159740448,10693.3226071445,0,8
2022-07-31,1572510.091163,-1.76905596256256,10533.6420488769,0,8
2022-08-01,1527684.011163,-4.4826078414917,10532.0013652329,0,8
2022-08-02,1528274.321163,0.0590309984982014,10399.7980247834,0,8
2022-08-03,1516327.571163,-1.19467496871948,10319.2518701514,0,8
2022-08-04,1506770.171163,-0.955739974975586,10225.7835849625,0,8
2022-08-05,1627502.621163,12.073245048523,10521.7545231593,0,8
2022-08-06,1584203.851163,-4.32987689971924,10363.1698774083,0,8
2022-08-07,1593189.681163,0.898582994937897,10462.8105124781,0,8
2022-08-08,1665207.501163,7.2017822265625,10745.0740514226,0,8
2022-08-09,1595597.771163,-6.96097278594971,10450.3459165937,0,8
2022-08-10,1736906.741163,14.1308965682983,10795.6193654124,0,8
2022-08-11,1761849.681163,2.49429392814636,10782.084494878,0,8
2022-08-12,1835020.011163,7.31703281402588,10985.3301306424,0,8
2022-08-13,1858698.001163,2.3677990436554,10998.6907634894,0,8
2022-08-14,1813497.121163,-4.52008819580078,10946.5246977122,0,8
2022-08-15,1779530.871163,-3.39662504196167,10854.6590758357,0,8
2022-08-16,1758551.441163,-2.09794306755066,10747.29171414,0,8
2022-08-17,1718803.901163,-3.97475409507751,10517.6610070248,0,8
2022-08-18,1730179.081163,1.13751804828644,10446.1164685479,0,8
2022-08-19,1507754.021163,-22.2425060272217,9392.09977550045,0,8
2022-08-20,1476861.131163,-3.08928894996643,9541.77704211794,0,8
2022-08-21,1516299.461163,3.94383311271668,9704.88802229406,0,8
2022-08-22,1522418.071163,0.611860990524292,9649.49566139426,0,8
2022-08-23,1560600.821163,3.818274974823,9701.88119632591,0,8
2022-08-24,1552308.371163,-0.82924497127533,9628.71719827032,0,8
2022-08-25,1588429.721163,3.61213493347168,9709.18500755628,0,8
2022-08-26,1413276.311163,-17.5153408050537,9134.1198770556,0,8
2022-08-27,1397234.871163,-1.60414397716522,9042.44096375654,0,8
2022-08-28,1336985.771163,-6.02490997314453,8829.63685412939,0,8
2022-08-29,1454148.251163,11.7162475585938,9144.25038592132,0,8
2022-08-30,1428652.481163,-2.54957699775696,8928.01581122032,0,8
2022-09-02,991013.206918,-0.898679316043854,8984.31334055951,2,9
2022-09-03,984992.591418,-0.602061569690704,8931.56396556741,1,9
2022-09-04,993421.351418,0.842876017093658,9005.86336975837,0,9
2022-09-05,983755.571418,-0.966578006744385,8902.58118459784,0,9
2022-09-06,933951.181418,-4.98043918609619,8445.24742688783,0,9
2022-09-07,959161.171418,2.52099895477295,8662.37908300537,0,9
2022-09-08,960526.901418,0.136573001742363,8673.50677644797,0,9
2022-09-09,1061192.241418,10.0665340423584,9612.72224529902,0,9
2022-09-10,1075769.231418,1.45769894123077,9735.72984854357,0,9
2022-09-11,1084450.321418,0.868108987808228,9821.77784596048,0,9
2022-09-12,1111924.631418,2.74743103981018,10100.2842987457,0,9
2022-09-13,1001869.141418,-11.0055494308472,9088.8754612915,0,9
2022-09-14,1004988.721418,0.311957985162735,9099.88969260739,0,9
2022-09-15,977930.531418,-2.70581889152527,8890.0715825627,0,9
2022-09-16,982596.911418,0.466637998819351,8945.11998503467,0,9
2022-09-17,998090.431418,1.54935204982758,9082.65645947386,0,9
2022-09-18,962815.511418,-3.5274920463562,8786.41508393877,0,9
2022-09-19,969079.831418,0.626432001590729,8832.93845118876,0,9
2022-09-20,936205.251418,-3.28745794296265,8534.08423735084,0,9
2022-09-21,915315.091418,-2.08901596069336,8356.52770576126,0,9
2022-09-22,962056.361418,4.67412710189819,8778.9723971127,0,9
2022-09-23,956591.201418,-0.546516001224518,8725.84261504106,0,9
2022-09-24,938404.551418,-1.81866502761841,8554.68011233747,0,9
2022-09-25,932681.471418,-0.572308003902435,8506.28878574095,0,9
2022-09-26,953618.951418,2.09374809265137,8694.84252675624,0,9
2022-09-27,946260.341418,-0.735861003398895,8627.56116948855,0,9
2022-09-28,962703.191418,1.64428496360779,8780.31832144295,0,9
2022-09-29,971452.001418,0.874881029129028,8864.13837527496,0,9
2022-09-30,963121.461418,-0.833054006099701,8785.93823418737,0,9
2022-10-01,957510.881418,-0.561057984828949,8737.49940162262,0,9
2022-10-02,944780.571418,-1.27303099632263,8624.94500399085,0,9
2022-10-03,973197.651418,2.84170794487,8883.83605049455,0,9
2022-10-04,1008251.711418,3.50540590286255,9206.89642048225,0,9
2022-10-05,999374.951418,-0.887676000595093,9124.86308212165,0,9
2022-10-06,989677.521418,-0.969743013381958,9033.69009261442,0,9
2022-10-07,968402.021418,-2.12754988670349,8836.67005120141,0,9
2022-10-08,962770.891418,-0.56311297416687,8788.74778484398,0,9
2022-10-09,963867.631418,0.109673999249935,8796.55470605396,0,9
2022-10-10,948539.081418,-1.53285503387451,8660.78142794286,0,9
2022-10-11,944937.891418,-0.360118985176086,8629.10755161596,0,9
2022-10-12,949732.501418,0.479461014270782,8671.12334358255,0,9
2022-10-13,960435.421418,1.0702919960022,8775.93686606102,0,9
2022-10-14,950792.741418,-0.964268028736115,8681.18754506548,0,9
2022-10-15,945350.081418,-0.544265985488892,8635.46558710968,0,9
2022-10-16,955092.831418,0.97427499294281,8718.82558320914,0,9
2022-10-17,969359.751418,1.42669200897217,8847.6242696946,0,9
2022-10-18,958290.651418,-1.10690999031067,8747.99702306889,0,9
2022-10-19,948113.461418,-1.01771903038025,8658.00056391903,0,9
2022-10-20,944066.851418,-0.404660999774933,8620.67515977851,0,9
2022-10-21,950206.541418,0.613969027996063,8674.34445617778,0,9
2022-10-22,952277.041418,0.207049995660782,8690.10502080895,0,9
2022-10-23,970629.411418,1.8352370262146,8850.13351462376,0,9
2022-10-24,958667.571418,-1.19618403911591,8741.73042974267,0,9
2022-10-25,996383.961418,3.77163910865784,9067.49415744321,0,9
2022-10-26,1031131.321418,3.4747359752655,9368.77854769767,0,9
2022-10-27,1007360.401418,-2.37709188461304,9156.48570063986,0,9
2022-10-28,1022245.451418,1.48850500583649,9284.67410490475,0,9
2022-10-29,1033453.241418,1.12077903747559,9371.68562396446,0,9
2022-10-30,1024311.251418,-0.914198994636536,9289.76289115904,0,9
2022-10-31,1017493.391418,-0.681786000728607,9226.02862716974,0,9
2022-11-02,981136.19088472,-1.88638091087341,9079.50565712082,2,10
2022-11-03,984483.68890413,0.334749788045883,9100.75982223829,1,10
2022-11-04,1033267.7673964,4.87840795516968,9512.8424738257,1,10
2022-11-05,1038445.26715325,0.517749965190888,9589.02887603791,1,10
2022-11-06,1017344.97268294,-2.11002945899963,9419.09469982593,1,10
2022-11-07,1003809.94841026,-1.35350239276886,9271.34809595791,2,10
2022-11-08,899771.371187115,-10.4038581848145,8361.59061687162,2,10
2022-11-09,769905.974566485,-12.9865398406982,7191.25787058611,2,10
2022-11-10,856834.476778162,8.69285011291504,7929.78173930966,2,10
2022-11-11,832925.103535823,-2.39093732833862,7685.5134197282,1,10
2022-11-12,819349.825333947,-1.35752785205841,7572.75369297208,0,10
2022-11-13,795923.541608292,-2.34262847900391,7355.03602151614,0,10
2022-11-14,809978.178690938,1.40546369552612,7486.04168007514,0,10
2022-11-15,822697.811756143,1.27196335792542,7616.76041979791,0,10
2022-11-16,809715.486975617,-1.29823243618011,7514.07972517519,0,10
2022-11-17,809771.392303126,0.00559053290635347,7532.48638493736,0,10
2022-11-18,811148.980662343,0.137758836150169,7532.00457433183,0,10
2022-11-19,811473.793101578,0.0324812456965447,7531.40512529147,0,10
2022-11-20,787843.451244141,-2.36303424835205,7351.82341736767,0,10
2022-11-21,763647.662896455,-2.41957879066467,7127.0455827565,0,10
2022-11-22,785443.360881608,2.17956972122192,7326.65638112108,0,10
2022-11-23,805712.989311221,2.0269627571106,7485.8974232486,0,10
2022-11-24,806929.957564806,0.121696822345257,7479.44157802499,0,10
2022-11-25,803335.364095791,-0.359459340572357,7444.07743191563,0,10
2022-11-26,801359.524220935,-0.197583988308907,7410.08161950701,0,10
2022-11-27,799141.8158706,-0.221770837903023,7399.55039805948,0,10
2022-11-28,787613.152343012,-1.15286636352539,7307.13654511503,0,10
2022-11-29,800969.057600193,1.33559048175812,7404.28185509049,0,10
2022-11-30,837599.072633001,3.663001537323,7725.72002839002,0,10
2022-12-01,828080.52761828,-0.951854526996613,7644.02583226201,0,10
2022-12-02,834421.66283608,0.634113550186157,7693.95258451005,0,10
2022-12-03,821533.578909635,-1.28880834579468,7608.81375809367,0,10
2022-12-04,833790.546440443,1.22569680213928,7703.92441036962,0,10
2022-12-05,826293.93010008,-0.74966162443161,7643.47827153028,0,10
2022-12-06,832453.977735164,0.616004765033722,7698.18643261443,0,10
2022-12-07,818607.638794779,-1.38463389873505,7589.54268045183,0,10
2022-12-08,838890.316521683,2.0282678604126,7759.85713717864,0,10
2022-12-09,833452.381124005,-0.543793559074402,7719.66732713845,0,10
2022-12-10,833700.120696849,0.024773957207799,7717.90290476342,0,10
2022-12-11,831529.888222416,-0.217023253440857,7699.61375449877,0,10
2022-12-12,837520.761226441,0.599087297916412,7757.83383016305,0,10
2022-12-13,864867.218049401,2.73464560508728,8015.06416838665,0,10
2022-12-14,865023.113606258,0.0155895557254553,8032.44472522532,0,10
2022-12-15,842682.711854369,-2.23404026031494,7833.14239483037,0,10
2022-12-16,803729.039186212,-3.89536738395691,7520.6439967111,0,10
2022-12-17,811685.862458466,0.795682311058044,7581.47104129242,0,10
2022-12-18,810011.973482845,-0.167388901114464,7562.03618192143,0,10
2022-12-19,795766.990695936,-1.42449831962585,7427.09854886071,0,10
2022-12-20,819172.654582967,2.34056639671326,7628.74283149371,0,10
2022-12-21,815751.82172551,-0.342083275318146,7597.38087317962,0,10
2022-12-22,815878.026323918,0.012620460242033,7595.1168287657,0,10
2022-12-23,814206.237275246,-0.167178899049759,7574.31657110762,0,10
2022-12-24,816661.381234601,0.245514392852783,7601.78819135925,0,10
2022-12-25,816316.997175786,-0.0344384051859379,7600.64083222373,0,10
2022-12-26,820775.82150615,0.445882439613342,7639.39189452058,0,10
2022-12-27,810526.565873309,-1.02492558956146,7542.03391204698,0,10
2022-12-28,802120.100167944,-0.84064656496048,7472.30613728825,0,10
2022-12-29,806603.522738327,0.448342263698578,7510.19078649064,0,10
2022-12-30,805437.052543886,-0.116647019982338,7498.19088609305,0,10
2023-01-03,1000037.920067,0.00379200675524771,7526.86776411159,1,11
2023-01-04,1010373.540067,1.03356194496155,7596.99168313938,0,11
2023-01-05,1009281.450067,-0.109209001064301,7590.05281277337,0,11
2023-01-06,1016290.650067,0.700919985771179,7641.33101276793,0,11
2023-01-07,1015872.930067,-0.0417720004916191,7638.7200809487,0,11
2023-01-08,1026744.270067,1.08713400363922,7716.38799699416,0,11
2023-01-09,1029719.640067,0.297536998987198,7734.27612684528,0,11
2023-01-10,1045201.240067,1.54815995693207,7853.38263896237,0,11
2023-01-11,1074854.640067,2.96533989906311,8076.5224957321,0,11
2023-01-12,1128152.880067,5.32982397079468,8495.3300532626,0,11
2023-01-13,1192072.890067,6.39200115203857,8996.23931109365,0,11
2023-01-14,1252542.580067,6.04696893692017,9454.68369688214,0,11
2023-01-15,1247620.800067,-0.492177993059158,9415.60401575078,0,11
2023-01-16,1266155.650067,1.85348498821259,9559.09564952087,0,11
2023-01-17,1263156.090067,-0.299955993890762,9537.48540418047,0,11
2023-01-18,1236173.030067,-2.6983060836792,9337.02637678732,0,11
2023-01-19,1259426.110067,2.32530808448792,9512.05084108341,0,11
2023-01-20,1353567.690067,9.41415786743164,10237.5168694182,0,11
2023-01-21,1360431.750067,0.686406016349793,10300.6562048261,0,11
2023-01-22,1355967.220067,-0.446453005075455,10263.8401938369,0,11
2023-01-23,1368272.850067,1.23056304454803,10361.7330417916,0,11
2023-01-24,1351542.810067,-1.67300403118134,10244.5532408603,0,11
2023-01-25,1376797.760067,2.52549505233765,10432.3698528677,0,11
2023-01-26,1373771.650067,-0.302610993385315,10411.1149088537,0,11
2023-01-27,1377577.740067,0.380609005689621,10441.3863024962,0,11
2023-01-28,1374535.700067,-0.304203987121582,10423.0837753943,0,11
2023-01-29,1416998.000067,4.24623012542725,10743.476890223,0,11
2023-01-30,1362945.150067,-5.4052848815918,10331.5786903013,0,11
2023-01-31,1380584.970067,1.76398205757141,10467.0024029264,0,11
2023-02-01,1416429.240067,3.58442711830139,10739.6425954312,0,11
2023-02-02,1402049.760067,-1.43794798851013,10622.9252029666,0,11
2023-02-03,1398684.400067,-0.33653599023819,10589.4649998991,0,11
2023-02-04,1392485.860067,-0.619853973388672,10539.8535866154,0,11
2023-02-05,1369243.990067,-2.32418704032898,10363.0749444179,0,11
2023-02-06,1359190.980067,-1.00530099868774,10286.9141420944,0,11
2023-02-07,1387389.440067,2.8198459148407,10497.5254145251,0,11
2023-02-08,1371019.300067,-1.63701403141022,10372.5497948394,0,11
2023-02-09,1302186.950067,-6.88323497772217,9851.48065997639,0,11
2023-02-10,1292088.510067,-1.00984394550323,9777.93229571683,0,11
2023-02-11,1306092.750067,1.40042400360107,9883.03836387373,0,11
2023-02-12,1301431.160067,-0.466158986091614,9850.36506103313,0,11
2023-02-13,1300866.530067,-0.056462999433279,9852.60267253391,0,11
2023-02-14,1325992.860067,2.51263308525085,10041.778915813,0,11
2023-02-15,1451321.250067,12.5328388214111,11010.8289854922,0,11
2023-02-16,1403747.780067,-4.75734710693359,10642.5009407793,0,11
2023-02-17,1465830.530067,6.20827484130859,11123.6651970662,0,11
2023-02-18,1469487.350067,0.365682005882263,11152.4327402181,0,11
2023-02-19,1448236.140067,-2.12512111663818,10986.6842797705,0,11
2023-02-20,1481892.100067,3.3655960559845,11249.1984056238,0,11
2023-02-21,1458879.740067,-2.30123591423035,11075.9136469047,0,11
2023-02-22,1442952.690067,-1.5927050113678,10952.1604913196,0,11
2023-02-23,1428674.100067,-1.42785894870758,10837.6794753397,0,11
2023-02-24,1384134.410067,-4.45396900177002,10492.9798558115,0,11
2023-02-25,1382469.430067,-0.166498005390167,10482.5073599434,0,11
2023-02-26,1405938.450067,2.34690189361572,10658.1242694023,0,11
2023-02-27,1402235.610067,-0.370283991098404,10631.3251890199,0,11
2023-02-28,1381554.930067,-2.06806802749634,10473.1788599546,0,11
2023-03-01,1410311.530067,2.87565994262695,10689.4425949979,0,11
2023-03-02,1400656.180067,-0.96553498506546,10616.8636480188,0,11
2023-03-05,998528.342626,-0.147165730595589,10150.2678157421,1,12
2023-03-06,999332.222626,0.0803880020976067,10140.699763205,0,12
2023-03-07,996856.782626,-0.247544005513191,10041.323188987,0,12
2023-03-08,977984.742626,-1.88720405101776,9816.36026911536,0,12
2023-03-09,917336.462626,-6.06482791900635,9206.94180057635,0,12
2023-03-10,910395.022626,-0.694144010543823,9109.61327638861,0,12
2023-03-11,939443.162626,2.90481400489807,9243.82671391141,0,12
2023-03-12,1008576.842626,6.91336822509766,9943.14883682562,0,12
2023-03-13,1067987.402626,5.94105577468872,10914.4415663112,0,12
2023-03-14,1084543.502626,1.6556099653244,11170.9430252488,0,12
2023-03-15,1053000.782626,-3.15427207946777,11000.9597697211,0,12
2023-03-16,1068166.042626,1.51652598381042,11325.7008134194,0,12
2023-03-17,1141880.562626,7.37145185470581,12426.6882210534,0,12
2023-03-18,1122466.222626,-1.94143402576447,12205.6596371802,0,12
2023-03-19,1136400.142626,1.39339196681976,12701.1538736771,0,12
2023-03-20,1105839.942626,-3.0560200214386,12592.1156139308,0,12
2023-03-21,1149511.042626,4.36710977554321,12759.7324996839,0,12
2023-03-22,1106828.842626,-4.26821994781494,12375.2173230722,0,12
2023-03-23,1157524.322626,5.0695481300354,12847.7292711228,0,12
2023-03-24,1116551.962626,-4.09723615646362,12467.4913115305,0,12
2023-03-25,1111645.742626,-0.490622013807297,12473.0724171793,0,12
2023-03-26,1132061.742626,2.04159998893738,12702.4169728521,0,12
2023-03-27,1094636.662626,-3.74250793457031,12322.6644125395,0,12
2023-03-28,1131493.922626,3.68572592735291,12373.6319399466,0,12
2023-03-29,1144305.08746575,1.2811164855957,12881.2539382184,1,12
2023-03-30,1144650.3266501,0.0345239192247391,12729.734770421,0,12
2023-03-31,1162457.03983239,1.78067135810852,12929.2686553571,0,12
2023-04-01,1161990.76710324,-0.0466272719204426,12923.9889351572,0,12
2023-04-02,1145223.80746575,-1.67669594287872,12797.7235587454,0,12
2023-04-03,1155430.50227933,1.02066946029663,12620.4190845374,0,12
2023-04-04,1193621.71500848,3.81912136077881,12779.0939663351,0,12
2023-04-05,1218070.70073866,2.44489860534668,12772.2057070926,0,12
2023-04-06,1194923.63455534,-2.31470656394959,12716.2887122104,0,12
2023-04-07,1189378.8818262,-0.554475247859955,12658.6444818876,0,12
2023-04-08,1179872.73509911,-0.95061469078064,12676.8876425231,0,12
2023-04-09,1186317.14773763,0.644441246986389,12855.5743352472,0,12
2023-04-10,1219035.30601571,3.27181577682495,13461.5591816732,0,12
2023-04-11,1206059.39820109,-1.29759073257446,13730.1254611149,0,12
2023-04-12,1223622.89892611,1.75635004043579,13577.7088196115,0,12
2023-04-13,1283991.73747607,6.03688383102417,13784.819471371,0,12
2023-04-14,1340124.09620728,5.61323595046997,13808.6965232164,0,12
2023-04-15,1334134.36830204,-0.598972797393799,13728.7583443102,0,12
2023-04-16,1352046.94386128,1.7912575006485,13723.4780844273,0,12
2023-04-17,1323545.43285406,-2.85015106201172,13323.3966014085,0,12
2023-04-18,1342367.25858424,1.88218259811401,13763.3813202046,0,12
2023-04-19,1234048.48483755,-10.8318777084351,13059.8858775676,0,12
2023-04-20,1239948.83946988,0.590035438537598,12798.4453060423,0,12
2023-04-21,1179850.06520006,-6.00987720489502,12356.1047090524,0,12
2023-04-22,1196045.43521038,1.61953699588776,12608.6689345078,0,12
2023-04-23,1188286.95566351,-0.775847971439362,12505.1450996069,0,12
2023-04-24,1175425.0088458,-1.28619468212128,12471.8435664348,0,12
2023-04-25,1190904.80667074,1.54797983169556,12836.6747043955,0,12
2023-04-26,1190845.30902706,-0.00594976451247931,12892.5972074529,0,12
2023-04-27,1218068.84893643,2.7223539352417,13381.2349303601,0,12
2023-04-28,1206748.91765732,-1.13199317455292,13310.9563072564,0,12
2023-04-29,1217505.01165526,1.0756094455719,13269.6250676959,0,12
2023-04-30,1193450.18694262,-2.40548253059387,13275.0862087454,0,12
2023-05-05,1003507.05768666,0.350705772638321,13379.6108736316,1,13
2023-05-06,991465.127546106,-1.20419299602509,13092.1177219637,2,13
2023-05-07,988678.479776106,-0.278664767742157,12901.0757831362,1,13
2023-05-08,966509.679776106,-2.21688008308411,12549.3860688729,0,13
2023-05-09,961277.048396106,-0.523263156414032,12530.9670694812,1,13
2023-05-10,968044.185976106,0.676713764667511,12517.7272686121,1,13
2023-05-11,947154.460256106,-2.08897256851196,12232.7987229088,1,13
2023-05-12,950232.838013467,0.307837784290314,12147.9775081021,1,13
2023-05-13,957004.865989052,0.677202820777893,12140.7777567694,1,13
2023-05-14,961313.924750489,0.430905878543854,12206.5543029172,1,13
2023-05-15,965312.53966889,0.399861484766006,12317.6924332045,1,13
2023-05-16,959168.603019043,-0.614393651485443,12256.0771247329,1,13
2023-05-17,968075.009474021,0.890640616416931,12430.8199392058,1,13
2023-05-18,952724.478240865,-1.53505313396454,12161.6216445487,2,13
2023-05-19,951505.08308631,-0.121939517557621,12186.9650756208,1,13
2023-05-20,956737.548618634,0.52324652671814,12289.6039498675,0,13
2023-05-21,943812.993796663,-1.29245543479919,12126.8245928941,0,13
2023-05-22,951817.003324888,0.800400972366333,12171.2688568968,0,13
2023-05-23,965683.673505075,1.38666701316834,12336.5927393453,0,13
2023-05-24,942578.827645372,-2.31048464775085,11930.8492981039,0,13
2023-05-25,937972.663895391,-0.460616379976273,11998.1694816344,0,13
2023-05-26,945063.145006363,0.709048092365265,12102.1040395251,0,13
2023-05-27,946909.534274332,0.184638932347298,12171.3410061021,0,13
2023-05-28,967577.042376397,2.0667507648468,12722.7275948342,0,13
2023-05-29,959877.229063566,-0.769981324672699,12572.1085232351,0,13
2023-05-30,959576.961986269,-0.0300267077982426,12550.6487382313,0,13
2023-05-31,945104.172726266,-1.44727897644043,12329.7532606194,0,13
2023-06-01,939252.619273345,-0.585155367851257,12148.0408019739,0,13
2023-06-02,946363.426290054,0.711080729961395,12337.7555416543,0,13
2023-06-03,944505.831370838,-0.185759484767914,12259.4222192184,0,13
2023-06-04,939585.303977494,-0.492052733898163,12281.9213660847,0,13
2023-06-05,853129.602105681,-8.64556980133057,11653.2159316169,0,13
2023-06-06,866414.945261927,1.32853436470032,12343.2594375392,0,13
2023-06-07,799043.342765488,-6.73716020584106,11940.805959187,0,13
2023-06-08,807358.402322824,0.831505954265595,12012.2000471863,1,13
2023-06-09,802740.911252499,-0.461749106645584,12003.9196496931,0,13
2023-06-10,735622.410964639,-6.7118501663208,11728.8336798744,0,13
2023-06-11,725475.408347274,-1.01470029354095,11769.121390676,0,13
2023-06-12,712858.038299633,-1.2617369890213,11762.7697513497,0,13
2023-06-13,752525.704605747,3.96676659584045,11773.6635104032,0,13
2023-06-14,733072.243545128,-1.94534611701965,11415.1152537862,0,13
2023-06-15,728473.798501844,-0.459844499826431,11633.2867201674,0,13
2023-06-16,737437.439065991,0.896364033222199,11973.0575270795,0,13
2023-06-17,753437.197020624,1.59997582435608,12050.5865003447,0,13
2023-06-18,752201.028783412,-0.123616822063923,11968.8097558232,0,13
2023-06-19,749140.309431327,-0.306071937084198,12203.0600345442,0,13
2023-06-20,763335.269363982,1.41949594020844,12879.1949476157,0,13
2023-06-21,766804.894876973,0.346962541341782,13651.7791060872,0,13
2023-06-22,742188.127022789,-2.46167683601379,13606.1988458962,0,13
2023-06-23,752969.722403909,1.07815957069397,13979.2244041959,0,13
2023-06-24,728659.962675924,-2.43097591400147,13909.2112342681,0,13
2023-06-25,736061.738857646,0.740177631378174,13872.9609568766,0,13
2023-06-26,727723.096442128,-0.833864212036133,13790.5786735784,0,13
2023-06-27,732055.74903333,0.433265268802643,13983.4723191726,0,13
2023-06-28,710781.889750952,-2.12738585472107,13708.9259373616,0,13
2023-06-29,718491.300572921,0.770941078662872,13877.2860645597,0,13
2023-06-30,740705.829924382,2.22145295143127,13869.4429243019,0,13
2023-07-01,764068.905048428,2.33630752563477,13923.1265706458,0,13
2023-07-02,759775.266381977,-0.429363876581192,13935.3471194011,0,13
2023-07-03,999900.0196,-0.00999804027378559,14185.3168070493,1,14
2023-07-04,983676.0196,-1.6224000453949,14007.0243523511,0,14
2023-07-05,969074.4196,-1.46016001701355,13890.2910035199,0,14
2023-07-06,941899.2196,-2.71751999855042,13618.9129103668,0,14
2023-07-07,955689.6196,1.37904000282288,13824.2494615247,0,14
2023-07-08,958528.8196,0.283919990062714,13797.0097778251,0,14
2023-07-09,949605.6196,-0.892319977283478,13739.749149215,0,14
2023-07-10,998683.2196,4.90776014328003,13850.9839941099,0,14
2023-07-11,1008417.6196,0.973439991474152,13949.9560444548,0,14
2023-07-12,989354.4196,-1.90631997585297,13838.5571407844,0,14
2023-07-13,1038837.6196,4.94831991195679,14312.6492972576,0,14
2023-07-14,1006389.6196,-3.2448000907898,13791.2531161901,0,14
2023-07-15,1018557.6196,1.21679997444153,13781.2776401924,0,14
2023-07-16,982864.8196,-3.56927990913391,13758.4421499698,0,14
2023-07-17,990165.6196,0.730080008506775,13716.0762038161,0,14
2023-07-18,974347.2196,-1.58184003829956,13588.7848633897,0,14
2023-07-19,976780.8196,0.243359997868538,13614.0564579955,0,14
2023-07-20,984892.8196,0.811200022697449,13561.4893029744,0,14
2023-07-21,988543.2196,0.365040004253387,13609.1215040232,0,14
2023-07-22,977997.6196,-1.05455994606018,13564.496254466,0,14
2023-07-23,983676.0196,0.567839980125427,13695.7796726494,0,14
2023-07-24,969074.4196,-1.46016001701355,13277.8760819141,0,14
2023-07-25,964207.2196,-0.486719995737076,13301.2106977281,0,14
2023-07-26,969480.0196,0.52727997303009,13355.7284029621,0,14
2023-07-27,975969.6196,0.648959994316101,13296.804308909,0,14
2023-07-28,981242.4196,0.52727997303009,13336.709427842,0,14
2023-07-29,983270.4196,0.202800005674362,13353.482318886,0,14
2023-07-30,983676.0196,0.0405599996447563,13323.662416844,0,14
2023-07-31,977592.0196,-0.608399987220764,13302.2665258143,0,14
2023-08-01,1004767.2196,2.71751999855042,13519.874865329,0,14
2023-08-02,976375.2196,-2.83920001983643,13284.0679168201,0,14
2023-08-03,977997.6196,0.162239998579025,13288.4391473048,0,14
2023-08-04,980431.2196,0.243359997868538,13251.9856673238,0,14
2023-08-05,986515.2196,0.608399987220764,13230.5470493509,0,14
2023-08-07,982053.6196,-0.446159988641739,13297.8316775631,0,14
2023-08-08,994627.2196,1.25735998153687,13554.5496856746,0,14
2023-08-09,988948.8196,-0.567839980125427,13466.3904739342,0,14
2023-08-10,979620.0196,-0.932879984378815,13408.1595976389,0,14
2023-08-11,972319.2196,-0.730080008506775,13395.4079972064,0,14
2023-08-12,974752.8196,0.243359997868538,13396.9692170008,0,14
2023-08-13,974347.2196,-0.0405599996447563,13339.4955643532,0,14
2023-08-14,975158.4196,0.0811199992895126,13398.2558399542,0,14
2023-08-15,960151.2196,-1.50072002410889,13294.028894912,0,14
2023-08-16,941088.0196,-1.90631997585297,13078.7360273851,0,14
2023-08-17,884709.6196,-5.63783979415894,12117.3946584358,0,14
2023-08-18,876597.6196,-0.811200022697449,11854.0953230809,0,14
2023-08-19,879436.8196,0.283919990062714,11873.8410131806,0,14
2023-08-20,878220.0196,-0.121679998934269,11912.9348587072,0,14
2023-08-21,853478.4196,-2.47415995597839,11888.6036738728,0,14
2023-08-22,855506.4196,0.202800005674362,11862.0916075735,0,14
2023-08-23,878625.6196,2.31191992759705,12028.4006546848,0,14
2023-08-24,888360.0196,0.973439991474152,11912.793820092,0,14
2023-08-25,885926.4196,-0.243359997868538,11858.0130765665,0,14
2023-08-26,878220.0196,-0.770640015602112,11839.8776352414,0,14
2023-08-27,885926.4196,0.770640015602112,11876.6998783117,0,14
2023-08-28,887548.8196,0.162239998579025,11886.3109632926,0,14
2023-08-29,920402.4196,3.28536009788513,12619.4157680862,0,14
2023-08-30,907828.8196,-1.25735998153687,12429.3847135577,0,14
2023-09-02,1002436.638778,0.243663877248764,11772.952203058,2,15
2023-09-03,1006288.12978847,0.385149091482163,11821.0921947293,1,15
2023-09-04,1000716.88115285,-0.557124853134155,11753.6751114449,1,15
2023-09-05,999467.729729569,-0.124915145337582,11737.0095272982,0,15
2023-09-06,998235.261152852,-0.123246856033802,11721.998848343,0,15
2023-09-07,1017222.90399325,1.89876425266266,11951.3786350371,0,15
2023-09-08,1003989.40830012,-1.32334959506989,11792.3019671083,0,15
2023-09-09,1003638.15687683,-0.0351251438260078,11788.4633572103,0,15
2023-09-10,1001148.83117753,-0.24893257021904,11764.5506481718,0,15
2023-09-11,974585.061233065,-2.65637707710266,11460.5491439488,0,15
2023-09-12,1000812.49547823,2.6227433681488,11769.546993783,0,15
2023-09-13,1015496.43974808,1.46839439868927,11945.7484433621,0,15
2023-09-14,1027129.76403644,1.16333246231079,12083.3582091762,0,15
2023-09-15,1030240.22687683,0.311046272516251,12116.0581918296,0,15
2023-09-16,1028636.60544121,-0.160362139344215,12098.3514541619,0,15
2023-09-17,1027292.82256996,-0.134378284215927,12085.3747529878,0,15
2023-09-18,1036375.85971723,0.908303737640381,12193.0937020293,0,15
2023-09-19,1053468.48256379,1.70926225185394,12402.2273258995,0,15
2023-09-20,1049982.66258847,-0.348581999540329,12367.3055075209,0,15
2023-09-21,1028376.99404878,-2.16056680679321,12114.2660345268,0,15
2023-09-22,1028937.57976042,0.0560585707426071,12117.88992764,0,15
2023-09-23,1028783.78833714,-0.0153791420161724,12115.9054612393,0,15
2023-09-24,1016178.1497851,-1.26056385040283,11965.0566179809,0,15
2023-09-25,1018415.72691386,0.223757714033127,11989.5731587604,0,15
2023-09-26,1015334.77831863,-0.30809485912323,11948.5082887112,0,15
2023-09-27,1021132.33689534,0.5797558426857,12018.9137343892,0,15
2023-09-28,1046387.04401176,2.52547073364258,12311.7201552568,0,15
2023-09-29,1042198.94115285,-0.418810278177261,12254.667804556,0,15
2023-09-30,1044346.04972957,0.214710861444473,12280.2583944702,0,15
2023-10-01,1084199.51826926,3.98534679412842,12750.7567053594,0,15
2023-10-02,1064466.75972957,-1.97327589988709,12532.5687776564,0,15
2023-10-03,1061813.66545355,-0.265309423208237,12501.9989120069,0,15
2023-10-04,1075079.956883,1.32662916183472,12670.0587712458,0,15
2023-10-05,1060689.94690768,-1.43900096416473,12504.9309004275,0,15
2023-10-06,1080858.666883,2.0168719291687,12742.2170306976,0,15
2023-10-07,1081698.17260699,0.0839505717158318,12757.0271211151,0,15
2023-10-08,1080179.28547206,-0.151888713240623,12738.7563884575,0,15
2023-10-09,1067143.17552142,-1.30361104011536,12597.6600323296,0,15
2023-10-10,1059422.15549674,-0.772101998329163,12505.4787186852,0,15
2023-10-11,1039847.2240858,-1.95749318599701,12263.8103253335,0,15
2023-10-12,1035134.71552759,-0.471250861883163,12215.5337776738,0,15
2023-10-13,1039168.71123307,0.403399556875229,12260.7634489465,0,15
2023-10-14,1038839.88551525,-0.032882571220398,12255.575015503,0,15
2023-10-15,1050353.30977276,1.15134239196777,12396.2151375679,0,15
2023-10-16,1102012.23972957,5.16589307785034,13020.1078476264,0,15
2023-10-17,1097629.83547206,-0.438240438699722,12979.026066792,0,15
2023-10-18,1094720.9226255,-0.290891289710999,12943.9201410941,0,15
2023-10-19,1109722.21833097,1.50012958049774,13128.4141139091,0,15
2023-10-20,1146440.57546589,3.67183566093445,13569.987464541,0,15
2023-10-21,1155877.36544738,0.943678975105286,13677.3827538881,0,15
2023-10-22,1159421.99398708,0.354462862014771,13707.8227789958,0,15
2023-10-23,1277550.47103562,11.8128480911255,15132.37629126,0,15
2023-10-24,1310149.88820756,3.25994181632996,15530.5842231521,0,15
2023-10-25,1331941.6725206,2.17917847633362,15800.9323540487,0,15
2023-10-26,1319039.85679662,-1.29018151760101,15634.8918404474,0,15
2023-10-27,1308915.05393154,-1.01248025894165,15517.6177956999,0,15
2023-10-28,1316070.5110603,0.71554571390152,15606.9268502447,0,15
2023-10-29,1333192.91104796,1.71223998069763,15811.9776697856,0,15
2023-10-30,1331407.02818288,-0.178588286042213,15784.6110230841,0,15
2023-10-31,1337729.88391303,0.632285594940186,15861.5686035839,0,15
2023-11-02,983487.202691016,-1.65127968788147,16005.3324063166,1,16
2023-11-03,992307.800021777,0.882059752941132,15892.8855437527,1,16
2023-11-04,1010614.45602048,1.83066558837891,16048.7850636579,0,16
2023-11-05,1033671.13133688,2.30566763877869,16015.499745099,0,16
2023-11-06,1053333.74966487,1.9662618637085,16026.7904634091,0,16
2023-11-07,1034623.01856282,-1.87107312679291,16198.739583388,0,16
2023-11-08,1036375.32778736,0.175230920314789,16304.2487247166,0,16
2023-11-09,1126639.14749383,9.02638244628906,16759.1489686857,0,16
2023-11-10,1110229.34672538,-1.64098012447357,17051.5881470951,0,16
2023-11-11,1102225.24445783,-0.800410211086273,16975.9757693296,0,16
2023-11-12,1093154.68118893,-0.907056331634522,16947.8405756335,0,16
2023-11-13,1087056.15969564,-0.609852135181427,16664.3493594686,0,16
2023-11-14,1062384.14811159,-2.46720123291016,16250.8151930234,0,16
2023-11-15,1107360.99427619,4.49768447875977,17317.2220096283,0,16
2023-11-16,1056700.13459003,-5.06608581542969,16542.9367665163,0,16
2023-11-17,1059606.86484851,0.290673017501831,16754.7251604396,0,16
2023-11-18,1060093.17552209,0.0486310683190823,16732.7808341059,0,16
2023-11-19,1079854.48317241,1.97613072395325,17094.6159843404,0,16
2023-11-20,1093272.79215476,1.34183084964752,17132.6353593784,0,16
2023-11-21,1021089.46325745,-7.21833276748657,16354.8723282907,0,16
2023-11-22,1083085.22151552,6.19957590103149,17108.776085476,0,16
2023-11-23,1079333.08736927,-0.375213414430618,17055.8614412133,0,16
2023-11-24,1084347.7957712,0.501470863819122,17249.5497032029,0,16
2023-11-25,1087656.46094847,0.330866515636444,17280.2303980441,0,16
2023-11-26,1076281.87691285,-1.13745844364166,17128.4917531508,0,16
2023-11-27,1057242.3399687,-1.90395367145538,17040.7962495888,0,16
2023-11-28,1068131.69519486,1.08893549442291,17307.0487618241,0,16
2023-11-29,1057856.29613858,-1.02753984928131,17328.6924843182,0,16
2023-11-30,1066541.89562916,0.868559956550598,17262.0228203714,0,16
2023-12-01,1080431.66560877,1.38897705078125,17705.5580941453,0,16
2023-12-02,1108764.85504809,2.83331894874573,18050.1711233569,0,16
2023-12-03,1117482.18600401,0.871733069419861,18290.0554452237,0,16
2023-12-04,1143400.40744312,2.59182214736938,19228.5053886434,0,16
2023-12-05,1157797.33511265,1.439692735672,20198.876290613,0,16
2023-12-06,1133553.60413579,-2.42437314987183,20066.2807784441,0,16
2023-12-07,1182081.31602896,4.85277128219605,19808.0516894761,0,16
2023-12-08,1192438.4755312,1.03571593761444,20228.6597874111,0,16
2023-12-09,1184177.25722824,-0.826121807098389,20017.5196533942,0,16
2023-12-10,1191512.03083248,0.733477354049683,20050.1459997084,0,16
2023-12-11,1155929.56767192,-3.55824637413025,18881.7843483454,0,16
2023-12-12,1160312.01756539,0.438244998455048,18996.9980082486,0,16
2023-12-13,1176666.38003262,1.63543629646301,19633.6566902727,0,16
2023-12-14,1198224.88944517,2.15585088729858,19693.4586718128,0,16
2023-12-15,1152072.00850792,-4.61528825759888,19206.6883274204,0,16
2023-12-16,1154346.88957446,0.227488100528717,19364.0346382307,0,16
2023-12-17,1134535.86808528,-1.98110210895538,18947.0510549731,0,16
2023-12-18,1146971.00995696,1.24351418018341,19545.6693794582,0,16
2023-12-19,1148706.84188572,0.173583194613457,19372.0926889247,0,16
2023-12-20,1168260.18286376,1.95533406734467,20021.0228467518,0,16
2023-12-21,1198996.57141354,3.07363891601563,20100.6902647817,0,16
2023-12-22,1227762.88630492,2.87663149833679,20132.8668718789,0,16
2023-12-23,1221797.14675088,-0.596573948860169,20010.7631240657,0,16
2023-12-24,1196489.00560577,-2.5308141708374,19687.3335272115,0,16
2023-12-25,1202628.34151424,0.613933563232422,19960.494521384,0,16
2023-12-26,1233648.05052573,3.101970911026,19458.9209328204,0,16
2023-12-27,1325098.19661112,9.14501476287842,19853.3035758536,0,16
2023-12-28,1310707.9859166,-1.43902111053467,19453.7037064931,0,16
2023-12-29,1281574.98604179,-2.91330003738403,19231.7735816857,0,16
2023-12-30,1283912.31398265,0.233732789754868,19267.0942093531,0,16
2024-01-03,1011427.23356,1.14272332191467,19617.4072985403,1,17
2024-01-04,1036723.03356,2.52958011627197,20217.9415687821,0,17
2024-01-05,1016870.63356,-1.98523998260498,20216.3132868797,0,17
2024-01-06,984850.63356,-3.20199990272522,20141.6990596413,0,17
2024-01-07,968520.43356,-1.63302004337311,20128.7205205365,0,17
2024-01-08,972683.03356,0.416260004043579,21527.9661744212,0,17
2024-01-09,964357.83356,-0.832520008087158,21129.408984715,0,17
2024-01-10,979407.23356,1.50494003295898,21331.9717498943,0,17
2024-01-11,987092.03356,0.768480002880096,21175.7813920636,0,17
2024-01-12,949948.83356,-3.71431994438171,19524.6537886409,0,17
2024-01-13,967880.03356,1.79312002658844,19541.924075758,0,17
2024-01-14,959234.63356,-0.864539980888367,19040.049504341,0,17
2024-01-15,1016870.63356,5.76359987258911,19393.7571459959,0,17
2024-01-16,1009506.03356,-0.736459970474243,19673.1568830475,0,17
2024-01-17,990934.43356,-1.85715997219086,19516.6190971302,0,17
2024-01-18,1002461.63356,1.15271997451782,18846.4193828907,0,17
2024-01-19,1007905.03356,0.544340014457703,18997.5159120572,0,17
2024-01-20,1015910.03356,0.800499975681305,19018.6345324865,0,17
2024-01-21,1020392.83356,0.44828000664711,18967.030954187,0,17
2024-01-22,979727.43356,-4.0665397644043,18053.6067199167,0,17
2024-01-23,956993.23356,-2.27342009544373,18226.1788061995,0,17
2024-01-24,938741.83356,-1.82513999938965,18317.4740825208,0,17
2024-01-25,935539.83356,-0.320199996232986,18262.9949350964,0,17
2024-01-26,967880.03356,3.23401999473572,19126.9036314338,0,17
2024-01-27,978766.83356,1.08868002891541,19265.9296641408,0,17
2024-01-28,977806.23356,-0.0960600003600121,19226.2309065367,0,17
2024-01-29,995097.03356,1.72907996177673,19810.5419007715,0,17
2024-01-30,985170.83356,-0.99261999130249,19635.4643092719,0,17
2024-01-31,962436.63356,-2.27342009544373,19480.2575487173,0,17
2024-02-01,961476.03356,-0.0960600003600121,19712.5969030229,0,17
2024-02-02,965318.43356,0.384240001440048,19766.3843563854,0,17
2024-02-03,959875.03356,-0.544340014457703,19680.584508021,0,17
2024-02-04,975885.03356,1.60099995136261,19479.1004474271,0,17
2024-02-05,964678.03356,-1.12070000171661,19536.6143997589,0,17
2024-02-06,969481.03356,0.480300009250641,19704.5848919659,0,17
2024-02-07,984210.23356,1.47291994094849,20281.0063479766,0,17
2024-02-08,1022314.03356,3.81037998199463,20721.4935064349,0,17
2024-02-09,1037683.63356,1.53696000576019,21574.2173336359,0,17
2024-02-10,1034481.63356,-0.320199996232986,21862.7118394875,0,17
2024-02-11,1027117.03356,-0.736459970474243,22120.3068971392,0,17
2024-02-12,1049851.23356,2.27342009544373,22846.8455349369,0,17
2024-02-13,1039925.03356,-0.99261999130249,22749.4719901027,0,17
2024-02-14,1069383.43356,2.94583988189697,23704.7019390448,0,17
2024-02-15,1134384.03356,6.50006008148193,23729.0972126351,0,17
2024-02-16,1154236.43356,1.98523998260498,23847.0412109721,0,17
2024-02-17,1130221.43356,-2.40149998664856,23625.6338569233,0,17
2024-02-18,1120295.23356,-0.99261999130249,23838.7902889336,0,17
2024-02-19,1126058.83356,0.576359987258911,23653.576307099,0,17
2024-02-20,1135664.83356,0.960600018501282,23865.5895751664,0,17
2024-02-21,1214434.03356,7.87692022323608,23676.7159203256,0,17
2024-02-22,1225320.83356,1.08868002891541,23410.9158228777,0,17
2024-02-23,1202586.63356,-2.27342009544373,23167.0788056822,0,17
2024-02-24,1222439.03356,1.98523998260498,23538.3036496232,0,17
2024-02-25,1244212.63356,2.17736005783081,23586.2317202176,0,17
2024-02-26,1286158.83356,4.19462013244629,24863.0312495243,0,17
2024-02-27,1263744.83356,-2.24140000343323,26056.369673216,0,17
2024-02-28,1327784.83356,6.40399980545044,28561.3699863995,0,17
2024-02-29,1279114.43356,-4.86704015731812,27961.7982134447,0,17
2024-03-01,1304730.43356,2.56159996986389,28531.403304647,0,17
2024-03-04,1076881.429045,7.68814277648926,31245.13017282,1,18
2024-03-05,1008173.2272867,-6.87082004547119,29137.8571608601,1,18
2024-03-06,1047094.92141772,3.89216947555542,30178.0759718932,2,18
2024-03-07,1059010.68718606,1.19157660007477,30508.4884391916,1,18
2024-03-08,1078708.5735469,1.96978867053986,31115.1614612459,1,18
2024-03-09,1081836.36496129,0.312779128551483,31198.8248041005,2,18
2024-03-10,1091585.34145206,0.974897623062134,31496.9848705368,2,18
2024-03-11,1140541.70969944,4.89563703536987,32928.3492519744,2,18
2024-03-12,1130249.2532145,-1.02924561500549,32648.2869902749,2,18
2024-03-13,1154788.99647536,2.45397424697876,33382.5508144543,2,18
2024-03-14,1127492.35815868,-2.72966384887695,32623.4356832549,2,18
2024-03-15,1098806.1316096,-2.86862254142761,31756.7545323619,1,18
2024-03-16,1032058.83501768,-6.67472982406616,29841.0108919859,1,18
2024-03-17,1079421.04590224,4.73622131347656,31272.3528044633,1,18
2024-03-18,1065967.50539657,-1.3453540802002,30934.657795806,0,18
2024-03-19,975916.858227696,-9.00506496429443,28354.0672216942,0,18
2024-03-20,1069436.00296759,9.35191440582275,31043.7541330823,0,18
2024-03-21,1034026.77084001,-3.54092311859131,29947.8361770741,0,18
2024-03-22,1007005.93929137,-2.70208311080933,29179.2278906535,0,18
2024-03-23,1009779.25889524,0.277331948280335,29272.2903910078,0,18
2024-03-24,1059774.4409177,4.99951839447022,30757.532956881,0,18
2024-03-25,1101730.73124715,4.19562911987305,31980.6391238418,0,18
2024-03-26,1103099.6723823,0.136894106864929,32033.8458894717,0,18
2024-03-27,1094325.24481372,-0.87744277715683,31810.3151667788,0,18
2024-03-28,1114840.78185276,2.05155372619629,32412.3658520088,0,18
2024-03-29,1101399.15630304,-1.34416258335114,31978.1208663729,0,18
2024-03-30,1096938.37290541,-0.446078330278397,31855.5636127359,0,18
2024-03-31,1123902.98494409,2.69646120071411,32623.1089277773,0,18
2024-04-01,1097097.11182515,-2.68058729171753,31894.0676754924,0,18
2024-04-02,1031403.13525053,-6.56939744949341,29977.8842188752,0,18
2024-04-03,1039528.16094827,0.812502562999725,30203.5338874624,0,18
2024-04-04,1078357.6709828,3.88295102119446,31383.1437909061,0,18
2024-04-05,1068002.26002296,-1.03554105758667,31072.8750113303,0,18
2024-04-06,1084701.79167012,1.66995310783386,31570.1327940828,0,18
2024-04-07,1092568.73530756,0.786694347858429,31766.6318277637,0,18
2024-04-08,1128776.6349275,3.62079000473022,32777.5192353543,0,18
2024-04-09,1089722.40199603,-3.90542340278626,31654.9926262197,0,18
2024-04-10,1113345.90421931,2.36235022544861,32338.6072344593,0,18
2024-04-11,1103401.5188564,-0.994438529014587,32055.0353658402,0,18
2024-04-12,1057294.3520934,-4.61071681976318,30754.4941659361,0,18
2024-04-13,1005846.11677441,-5.14482355117798,29312.3013348893,0,18
2024-04-14,1033727.41853913,2.78813028335571,30094.6821133838,0,18
2024-04-15,999145.691797437,-3.45817255973816,29053.6977096781,0,18
2024-04-16,1004073.40667488,0.492771476507187,29237.3117095973,0,18
2024-04-17,965298.881376495,-3.87745261192322,28074.7145461903,0,18
2024-04-18,999528.227260746,3.42293453216553,29085.7545025296,0,18
2024-04-19,1004737.52336513,0.520929634571075,29250.951030568,0,18
2024-04-20,1023066.51044835,1.83289873600006,29753.6181890319,0,18
2024-04-21,1023292.5743411,0.0226063895970583,29753.5026368284,0,18
2024-04-22,1052790.78465907,2.94982099533081,30620.495089431,0,18
2024-04-23,1046946.84874383,-0.584393620491028,30424.853792179,0,18
2024-04-24,1014438.75952269,-3.25080895423889,29440.7664405973,0,18
2024-04-25,1017857.28770462,0.341852813959122,29534.6936128254,0,18
2024-04-26,1006193.27108098,-1.16640162467957,29200.7869125212,0,18
2024-04-27,1002664.59452187,-0.352867662906647,29028.7051417011,0,18
2024-04-28,997722.064708938,-0.494252979755402,28864.2168236571,0,18
2024-04-29,1008250.29141125,1.05282270908356,29228.4427654103,0,18
2024-04-30,957975.722502841,-5.02745676040649,27772.1130114465,0,18
2024-05-04,1000111.60015961,0.0111600160598755,29264.462443328,2,19
2024-05-05,1008672.05287777,0.856045246124268,29315.1608104752,2,19
2024-05-06,1001041.85709199,-0.763019561767578,28933.4939656221,3,19
2024-05-07,984194.991428119,-1.68468654155731,28547.0969468285,3,19
2024-05-08,1003592.16741985,1.93971765041351,28023.8372201822,1,19
2024-05-09,1018088.07964226,1.44959127902985,28894.2278269426,0,19
2024-05-10,998438.725981183,-1.96493542194366,27853.6405997576,0,19
2024-05-11,1009350.19138941,1.0911465883255,27863.6982732376,0,19
2024-05-12,1013977.74866509,0.462755739688873,28169.321757516,0,19
2024-05-13,1009598.65538519,-0.437909334897995,28851.3000996423,0,19
2024-05-14,968285.603196896,-4.13130521774292,28230.7847916943,0,19
2024-05-15,993575.859159029,2.52902555465698,30374.8146885157,1,19
2024-05-16,973621.164875815,-1.99546945095062,29939.6494554373,1,19
2024-05-17,993790.946144083,2.0169780254364,30746.798489892,1,19
2024-05-18,992750.627989296,-0.104031816124916,30688.8260737922,1,19
2024-05-19,982963.028134461,-0.978760004043579,30399.6628840018,1,19
2024-05-20,1026007.1268472,4.30440998077393,32699.748084416,1,19
2024-05-21,1055454.18906364,2.94470620155334,32055.3980547274,2,19
2024-05-22,1049351.57797715,-0.610261082649231,31605.2814920569,2,19
2024-05-23,1027099.12683485,-2.22524499893188,31035.3769827993,2,19
2024-05-24,1028374.6467496,0.12755198776722,31320.5624990297,2,19
2024-05-25,1032570.5417895,0.41958948969841,31664.264369097,3,19
2024-05-26,1029730.21275106,-0.284032911062241,31279.1924685366,1,19
2024-05-27,1037273.22387207,0.754301130771637,31700.9019913514,1,19
2024-05-28,1032162.93351363,-0.511029064655304,31223.367927788,1,19
2024-05-29,1021361.02823435,-1.08019053936005,30890.4075647574,2,19
2024-05-30,1020948.22095032,-0.0412807278335094,31224.4049067545,2,19
2024-05-31,1018204.63201859,-0.27435889840126,30839.0912706631,2,19
2024-06-01,1028493.24539831,1.02886128425598,30932.1731613071,3,19
2024-06-02,1027847.14449409,-0.064610093832016,30938.9657984365,3,19
2024-06-03,1052351.5441582,2.45043992996216,31427.9147905722,2,19
2024-06-04,1105386.65957884,5.30351161956787,32217.4177988184,3,19
2024-06-05,1116800.82134941,1.14141619205475,32470.4557097272,3,19
2024-06-06,1127885.88277081,1.10850608348846,32333.3380478471,3,19
2024-06-07,1092927.74788906,-3.49581336975098,31689.9207723507,3,19
2024-06-08,1091363.58221992,-0.156416565179825,31668.2699006901,1,19
2024-06-09,1080620.72739111,-1.07428550720215,31824.31727086,0,19
2024-06-10,1018763.97618516,-6.18567514419556,31793.8881533944,0,19
2024-06-11,980679.525131472,-3.80844521522522,30788.587886684,0,19
2024-06-12,1005619.96493296,2.49404406547546,31217.9243088244,0,19
2024-06-13,975494.089888811,-3.01258754730225,30540.4565288155,0,19
2024-06-14,979561.476519253,0.406738668680191,30193.4453658078,0,19
2024-06-15,989565.866500964,1.00043904781342,30259.9294126631,0,19
2024-06-16,995680.289599595,0.61144232749939,30458.3872093068,0,19
2024-06-17,982592.063269635,-1.30882263183594,30403.5217333332,0,19
2024-06-18,960173.661792426,-2.24184012413025,29787.6091107263,0,19
2024-06-19,976598.523571119,1.64248621463776,29673.3711567732,0,19
2024-06-20,959932.57026705,-1.66659533977509,29637.5157538486,0,19
2024-06-21,957309.8663071,-0.262270390987396,29294.5721013584,0,19
2024-06-22,962769.55313642,0.54596871137619,29354.0838087086,0,19
2024-06-23,941347.647642545,-2.14219045639038,28878.3901677712,0,19
2024-06-24,923315.490322405,-1.80321574211121,27521.8745146511,0,19
2024-06-25,939510.637831925,1.61951470375061,28222.5976752086,0,19
2024-06-26,930911.181730476,-0.859945595264435,27785.8149585483,0,19
2024-06-27,946113.662155854,1.52024805545807,28162.6865197777,0,19
2024-06-28,923741.214567219,-2.23724484443665,27579.4262568076,0,19
2024-06-29,927595.261850596,0.385404735803604,27842.2788374419,0,19
2024-06-30,947461.386559455,1.98661243915558,28667.1215684453,0,19
2024-07-01,941127.090988781,-0.633429527282715,28727.8538528613,0,19
2024-07-03,959581.84877,-4.04181528091431,27497.370894592,1,20
2024-07-04,885320.54877,-7.42612981796265,26072.1261435235,0,20
2024-07-05,857924.84877,-2.73956990242004,25894.8120071582,0,20
2024-07-06,906685.74877,4.87609004974365,26623.3233233899,0,20
2024-07-07,845863.84877,-6.08219003677368,25544.5561728657,0,20
2024-07-08,880151.54877,3.42877006530762,25923.8254167873,0,20
2024-07-09,891006.44877,1.08548998832703,26540.8021269872,0,20
2024-07-10,904445.84877,1.34394001960754,26378.6064741971,0,20
2024-07-11,904618.14877,0.017230000346899,26197.1079955263,0,20
2024-07-12,920125.14877,1.55069994926453,26446.0141322422,0,20
2024-07-13,917712.94877,-0.241219997406006,27056.5131064867,0,20
2024-07-14,939078.14877,2.13651990890503,27789.0006572533,0,20
2024-07-15,1008859.64877,6.97814989089966,29575.9271156576,0,20
2024-07-16,993180.34877,-1.56792998313904,29737.4879795195,0,20
2024-07-17,980602.44877,-1.25778996944428,29301.5374657944,0,20
2024-07-18,985771.44877,0.51690000295639,29244.9918337725,0,20
2024-07-19,1022815.94877,3.70444989204407,30481.331618327,0,20
2024-07-20,1022299.04877,-0.0516900010406971,30704.422605205,0,20
2024-07-21,1038495.24877,1.61961996555328,31181.0202799687,0,20
2024-07-22,1012133.34877,-2.63618993759155,30907.7135128006,0,20
2024-07-23,1003001.44877,-0.913190007209778,30147.807907254,0,20
2024-07-24,990940.44877,-1.20609998703003,29918.0182804688,0,20
2024-07-25,983531.54877,-0.740890026092529,30154.1921611385,0,20
2024-07-26,1001278.44877,1.77469003200531,31122.8157317579,0,20
2024-07-27,1002484.54877,0.120609998703003,31122.8904709811,0,20
2024-07-28,1006447.44877,0.396290004253387,31284.1188916222,0,20
2024-07-29,989906.64877,-1.65408003330231,30585.7731362195,0,20
2024-07-30,1013856.34877,2.39496994018555,30309.6815374673,0,20
2024-07-31,993697.24877,-2.01590991020203,29587.9634191849,0,20
2024-08-01,991285.04877,-0.241219997406006,29936.814949046,0,20
2024-08-02,935804.44877,-5.54805994033814,28175.6813036968,0,20
2024-08-03,912888.54877,-2.29158997535706,27820.9715323535,0,20
2024-08-04,856546.44877,-5.63421010971069,26681.4647274445,0,20
2024-08-05,800204.34877,-5.63421010971069,24797.8478163655,0,20
2024-08-06,835698.14877,3.54938006401062,25727.2765054424,0,20
2024-08-07,818812.74877,-1.68853998184204,25337.8069282407,0,20
2024-08-08,891351.04877,7.25382995605469,28338.693401175,0,20
2024-08-09,876877.84877,-1.44731998443604,27959.8864401894,0,20
2024-08-10,901689.04877,2.48112010955811,27994.124630732,0,20
2024-08-11,867745.94877,-3.39430999755859,26969.432609202,0,20
2024-08-12,893246.34877,2.55004000663757,27227.3540765312,0,20
2024-08-13,903584.34877,1.03380000591278,27814.74897321,0,20
2024-08-14,902205.94877,-0.137840002775192,26927.0897382919,0,20
2024-08-15,894969.34877,-0.723659992218018,26410.2828848172,0,20
2024-08-16,895830.84877,0.0861499980092049,27033.3964201644,0,20
2024-08-17,933564.54877,3.77337002754211,27314.0036696087,0,20
2024-08-18,915645.34877,-1.79191994667053,26815.4828592343,0,20
2024-08-19,962510.94877,4.68656015396118,27279.7588828364,0,20
2024-08-20,981463.94877,1.89530003070831,27091.0928503095,0,20
2024-08-21,982670.04877,0.120609998703003,28087.3916130815,0,20
2024-08-22,1004724.44877,2.20544004440308,27718.3484777495,0,20
2024-08-23,1019886.84877,1.51624000072479,29410.2118409341,0,20
2024-08-24,1000589.24877,-1.92975997924805,29468.1906257695,0,20
2024-08-25,989217.44877,-1.13717997074127,29504.3901086673,0,20
2024-08-26,944936.34877,-4.42811012268066,28872.3479928926,0,20
2024-08-27,919263.64877,-2.56727004051209,27314.8975594715,0,20
2024-08-28,925638.74877,0.637510001659393,27119.0014416784,0,20
2024-08-29,924604.94877,-0.103380002081394,27272.0296079583,0,20
2024-08-30,922537.34877,-0.206760004162788,27161.9465640693,0,20
2024-09-02,1021470.73920934,2.14707398414612,27165.3061125305,1,21
2024-09-03,980470.728302774,-4.10000085830689,26417.5399715219,2,21
2024-09-04,986148.943184543,0.567821502685547,26642.276389641,1,21
2024-09-05,956475.335852511,-2.96736073493958,25818.0014659544,1,21
2024-09-06,902758.916300686,-5.37164211273193,24809.2108022659,0,21
2024-09-07,921176.933048626,1.84180164337158,24890.0784338178,0,21
2024-09-08,932026.485917898,1.08495533466339,25216.5224948181,0,21
2024-09-09,957809.039987751,2.57825541496277,26222.2293182712,0,21
2024-09-10,967336.247567149,0.952720761299133,26496.0469737812,0,21
2024-09-11,954455.162418039,-1.28810846805573,26363.1365907334,0,21
2024-09-12,965777.275254174,1.1322113275528,26729.1243755937,0,21
2024-09-13,995777.384088667,3.00001096725464,27823.582578174,0,21
2024-09-14,987538.63436776,-0.823874950408936,27591.1944215916,0,21
2024-09-15,952521.900873323,-3.50167346000671,27208.2625972741,0,21
2024-09-16,939995.149170609,-1.25267517566681,26785.1074319307,0,21
2024-09-17,959372.34194047,1.93771922588348,27761.2594059504,0,21
2024-09-18,974433.79131871,1.50614488124847,28431.9887111921,0,21
2024-09-19,1007698.22581003,3.3264434337616,28969.63504375,0,21
2024-09-20,1041404.72183597,3.37064957618713,29066.8014084893,0,21
2024-09-21,1064442.14488813,2.30374240875244,29120.2264078561,0,21
2024-09-22,1053648.8835941,-1.07932615280151,29235.5256553681,0,21
2024-09-23,1080786.39386919,2.71375107765198,29104.3258830508,0,21
2024-09-24,1083323.51013186,0.253711640834808,29537.37766473,0,21
2024-09-25,1052924.77454062,-3.0398736000061,29034.9887254789,0,21
2024-09-26,1073432.00609908,2.0507230758667,29973.8611501766,0,21
2024-09-27,1097783.06306172,2.43510580062866,30238.1575353794,0,21
2024-09-28,1089571.07689579,-0.821198642253876,30285.3647861768,0,21
2024-09-29,1081976.55610413,-0.759452104568481,30170.0394063761,0,21
2024-09-30,1055029.77971302,-2.69467759132385,29117.6756724514,0,21
2024-10-01,996205.339758213,-5.88244390487671,27968.9337003092,0,21
2024-10-02,966026.37342238,-3.01789665222168,27915.160031306,0,21
2024-10-03,961739.195081873,-0.428717821836472,27966.5481682754,0,21
2024-10-04,986931.129440577,2.51919341087341,28577.7341174912,0,21
2024-10-05,989162.955513521,0.22318260371685,28562.5856208028,0,21
2024-10-06,999940.21989537,1.07772648334503,28914.1252374825,0,21
2024-10-07,992299.417752417,-0.764080226421356,28638.6812574303,0,21
2024-10-08,1003162.50917261,1.08630919456482,28600.5997984195,0,21
2024-10-09,976079.785077913,-2.7082724571228,27900.5299741735,0,21
2024-10-10,979705.749719413,0.362596452236176,27752.6956795155,0,21
2024-10-11,1000677.1434122,2.09713935852051,28781.5265057679,0,21
2024-10-12,1014229.66647741,1.35525226593018,29086.4412448611,0,21
2024-10-13,1010422.35108214,-0.380731552839279,28930.7794088054,0,21
2024-10-14,1070574.44870435,6.01520967483521,30405.007864985,0,21
2024-10-15,1064366.56695531,-0.620788156986237,30875.2932835204,0,21
2024-10-16,1067421.63623228,0.30550691485405,31130.1218697336,0,21
2024-10-17,1063365.87209107,-0.405576407909393,31039.870832751,0,21
2024-10-18,1077655.31867312,1.42894470691681,31504.3123408876,0,21
2024-10-19,1079315.40085179,0.166008219122887,31479.7646228317,0,21
2024-10-20,1115618.02684689,3.63026261329651,31763.7556328219,0,21
2024-10-21,1085997.43007068,-2.96205973625183,31003.8682546048,0,21
2024-10-22,1069478.6829994,-1.65187466144562,31037.8143427877,0,21
2024-10-23,1033156.75320113,-3.63219308853149,30705.1974544814,0,21
2024-10-24,1039695.08630619,0.653833329677582,31421.150779694,0,21
2024-10-25,1001536.83940544,-3.81582474708557,30740.4688201209,0,21
2024-10-26,1018230.18412066,1.66933453083038,30914.9118845478,0,21
2024-10-27,1028561.8909722,1.03317070007324,31345.5546651976,0,21
2024-10-28,1052444.96137225,2.38830709457397,32243.6554698223,0,21
2024-10-29,1078472.41841547,2.60274577140808,33533.6673229371,0,21
2024-10-30,1082517.61246143,0.404519408941269,33347.1194378668,0,21
2024-10-31,1028776.15618547,-5.3741455078125,32416.1200328688,0,21
2024-11-02,997152.88883006,-0.284711122512817,31991.3105744819,1,22
2024-11-03,983877.203457909,-1.32756853103638,31720.0546691987,3,22
2024-11-04,972377.765767511,-1.14994382858276,31298.384091842,1,22
2024-11-05,992748.493106861,2.03707265853882,32007.5308794095,2,22
2024-11-06,1064720.82647592,7.19723320007324,34854.6845287526,2,22
2024-11-07,1071959.35712881,0.723853051662445,34948.8575775413,2,22
2024-11-08,1076945.59820669,0.498624116182327,35241.2740231416,2,22
2024-11-09,1097352.38518096,2.04067873954773,35276.7983505763,2,22
2024-11-10,1128973.49262143,3.16211080551147,37003.3476419466,2,22
2024-11-11,1213944.79664318,8.49713039398193,40853.9004250937,2,22
2024-11-12,1193863.15740545,-2.0081639289856,40563.1007284637,3,22
2024-11-13,1211256.67159745,1.7393513917923,41718.9205664427,3,22
2024-11-14,1185682.00235818,-2.55746698379517,40310.304242033,3,22
2024-11-15,1201716.02126301,1.60340189933777,42050.7184511794,2,22
2024-11-16,1201676.56564233,-0.00394556205719709,41830.4441824742,1,22
2024-11-17,1192212.81887779,-0.946374654769898,41499.7486424492,3,22
2024-11-18,1199206.62800326,0.699380934238434,41756.5851437934,1,22
2024-11-19,1210054.14490544,1.08475172519684,42650.3531630164,1,22
2024-11-20,1218513.80458982,0.84596598148346,43592.4331588426,2,22
2024-11-21,1266485.66353945,4.79718589782715,45423.3037425434,2,22
2024-11-22,1277475.55947241,1.09898960590363,45697.815489312,2,22
2024-11-23,1279488.18644641,0.201262697577477,45103.8616444567,2,22
2024-11-24,1285100.71431478,0.561252772808075,45216.2508744861,2,22
2024-11-25,1236858.4451895,-4.82422685623169,42905.5770440039,2,22
2024-11-26,1217353.1368126,-1.95053088665009,42438.9764540357,2,22
2024-11-27,1272406.97233786,5.50538349151611,44194.4691361429,3,22
2024-11-28,1268740.20166756,-0.366677075624466,44105.5340414836,3,22
2024-11-29,1280410.55430223,1.16703522205353,44958.0830170907,2,22
2024-11-30,1276575.43460584,-0.383511960506439,44437.650731852,2,22
2024-12-01,1283508.09561141,0.693266093730927,44802.3474084728,2,22
2024-12-02,1266417.29347667,-1.7090802192688,44185.174083421,2,22
2024-12-03,1340660.77614101,7.4243483543396,44174.5210844338,2,22
2024-12-04,1366618.74021838,2.59579634666443,45413.2394121012,2,22
2024-12-05,1339602.6199232,-2.70161199569702,44656.9752438342,2,22
2024-12-06,1375137.1059905,3.55344867706299,45923.0174254066,3,22
2024-12-07,1378806.88375352,0.366977781057358,45961.7362621656,3,22
2024-12-08,1382799.17376658,0.399228990077972,46563.8882762457,3,22
2024-12-09,1335075.29961039,-4.77238750457764,44836.1834093792,3,22
2024-12-10,1330369.71935028,-0.470558017492294,44535.9695104293,3,22
2024-12-11,1390581.36946185,6.021164894104,46617.3932572385,2,22
2024-12-12,1376218.25195251,-1.43631172180176,46079.4623380554,1,22
2024-12-13,1395382.4057852,1.91641533374786,46738.0005617958,0,22
2024-12-14,1394924.26600881,-0.0458139777183533,46746.6394550432,0,22
2024-12-15,1436389.55401979,4.14652872085571,48160.3616097914,0,22
2024-12-16,1457899.10720163,2.15095520019531,48905.2991425247,0,22
2024-12-17,1457872.22558085,-0.00268816202878952,48962.3360073137,0,22
2024-12-18,1376071.84240933,-8.18003845214844,46235.5830286316,0,22
2024-12-19,1337290.47562349,-3.87813663482666,44995.6986050299,0,22
2024-12-20,1342467.67575845,0.517719984054565,45141.9804462058,0,22
2024-12-21,1334172.02371382,-0.829565227031708,44933.7837518965,0,22
2024-12-22,1305494.20462387,-2.8677818775177,43957.6863002077,1,22
2024-12-23,1303089.12740868,-0.24050772190094,43771.4151699442,0,22
2024-12-24,1354223.50984572,5.11343812942505,45537.157731316,0,22
2024-12-25,1364457.20989433,1.02337002754211,45895.8586585045,0,22
2024-12-26,1314169.55065925,-5.02876615524292,44221.2135451666,0,22
2024-12-27,1294298.64231411,-1.98709082603455,43517.5677731016,0,22
2024-12-28,1308438.86183087,1.41402196884155,43965.94734872,0,22
2024-12-29,1287108.19796482,-2.13306641578674,43247.3908796452,0,22
2024-12-30,1274586.16268749,-1.25220358371735,42797.6866220472,0,22
2025-01-03,1012111.515625,1.21115159988403,45276.0207837264,1,23
2025-01-04,1010031.465625,-0.208004996180534,45287.4459467441,0,23
2025-01-05,1004201.665625,-0.58297997713089,45360.5969224108,0,23
2025-01-06,1032685.615625,2.84839510917664,47168.7189048182,0,23
2025-01-07,988240.465625,-4.44451522827148,44756.7445138967,0,23
2025-01-08,985438.765625,-0.280169993638992,43876.8472051623,0,23
2025-01-09,970510.515625,-1.49282503128052,42721.8444847372,0,23
2025-01-10,981448.465625,1.09379494190216,43733.5014841074,0,23
2025-01-11,986386.815625,0.493835002183914,43669.6432212821,0,23
2025-01-12,981632.415625,-0.475439995527267,43648.0877621837,0,23
2025-01-13,974981.915625,-0.665050029754639,43674.356786864,0,23
2025-01-14,989485.665625,1.45037496089935,44606.136681031,0,23
2025-01-15,1011701.165625,2.22154998779297,46406.3969482075,0,23
2025-01-16,1002517.815625,-0.918335020542145,46200.0440995521,0,23
2025-01-17,1021846.715625,1.93289005756378,48086.8569246638,0,23
2025-01-18,1004527.115625,-1.73196005821228,48353.0449130727,0,23
2025-01-19,967270.165625,-3.72569489479065,46860.7213236461,0,23
2025-01-20,966307.965625,-0.096220001578331,47282.8449181568,0,23
2025-01-21,980033.465625,1.37255001068115,49101.0007239493,0,23
2025-01-22,984717.115625,0.468365013599396,47970.8359692632,0,23
2025-01-23,976538.415625,-0.817870020866394,48046.5746153757,0,23
2025-01-24,963393.065625,-1.31453502178192,48507.7295156833,0,23
2025-01-25,971812.315625,0.841925024986267,48446.0318733993,0,23
2025-01-26,944884.865625,-2.69274497032166,47467.8517071017,0,23
2025-01-27,962388.415625,1.75035500526428,47223.0373522997,0,23
2025-01-28,936281.665625,-2.61067509651184,46899.1056309864,0,23
2025-01-29,945733.865625,0.945219993591309,48019.3063439342,0,23
2025-01-30,959261.265625,1.35274004936218,48453.114531576,0,23
2025-01-31,959176.365625,-0.00848999992012978,47360.1380286129,0,23
2025-02-01,924466.415625,-3.47099494934082,46562.2621754716,0,23
2025-02-02,874743.315625,-4.97231006622314,45243.8339189215,0,23
2025-02-03,873908.465625,-0.0834849998354912,46951.5335305776,0,23
2025-02-04,810912.665625,-6.29958009719849,45315.8181480046,0,23
2025-02-05,806469.565625,-0.444310009479523,44761.2607570639,0,23
2025-02-06,809540.115625,0.307054996490479,44756.4832410623,0,23
2025-02-07,818015.965625,0.847585022449493,44747.3236105806,0,23
2025-02-08,867088.165625,4.90721988677979,44707.2749090319,0,23
2025-02-09,871927.465625,0.483929991722107,44716.136428544,0,23
2025-02-10,875946.065625,0.401859998703003,45163.9617887455,0,23
2025-02-11,909141.965625,3.31959009170532,44392.7088622928,0,23
2025-02-12,986712.265625,7.75703001022339,45334.3318626765,0,23
2025-02-13,941135.115625,-4.55771493911743,44761.6600736883,0,23
2025-02-14,934045.965625,-0.708914995193481,45172.0361121438,0,23
2025-02-15,937583.465625,0.353749990463257,45211.5412485399,0,23
2025-02-16,952992.815625,1.54093503952026,44531.9633814742,0,23
2025-02-17,945082.965625,-0.790984988212585,44355.1146553137,0,23
2025-02-18,917731.015625,-2.73519492149353,44325.2201373893,0,23
2025-02-19,925089.015625,0.73580002784729,44772.4557184578,0,23
2025-02-20,929305.715625,0.421669989824295,45549.2823813621,0,23
2025-02-21,916726.365625,-1.25793504714966,44567.9313986107,0,23
2025-02-22,946582.865625,2.98565006256104,44713.8797889924,0,23
2025-02-23,932220.615625,-1.43622505664825,44565.3933498546,0,23
2025-02-24,869649.315625,-6.25713014602661,42428.3167574235,0,23
2025-02-25,882794.665625,1.31453502178192,41076.2530519929,0,23
2025-02-26,865927.865625,-1.68667995929718,39027.38993617,0,23
2025-02-27,857211.465625,-0.871640026569367,39251.5290461186,0,23
2025-02-28,832675.365625,-2.45360994338989,39102.7276750325,0,23
2025-03-01,860777.265625,2.81018996238709,39910.6832415015,0,23
2025-03-02,883431.415625,2.26541495323181,43705.557429595,0,23
2025-03-05,1024261.777488,2.42617774009705,42048.0809200502,1,24
2025-03-06,1021282.897488,-0.29788801074028,41739.787422179,0,24
2025-03-07,1018321.137488,-0.296175986528397,40278.7193355275,0,24
2025-03-08,1015462.097488,-0.285903990268707,39991.8738180782,0,24
2025-03-09,949635.697488,-6.58264017105103,37456.3797422157,0,24
2025-03-10,909985.777488,-3.9649920463562,36489.6239579092,0,24
2025-03-11,944431.217488,3.44454407691956,38515.6857977087,0,24
2025-03-12,975692.337488,3.12611198425293,38866.9406547487,0,24
2025-03-13,992692.497488,1.70001602172852,37665.8493662371,0,24
2025-03-14,1006320.017488,1.36275196075439,39004.6883463004,0,24
2025-03-15,1061223.857488,5.49038410186768,39158.5244623563,0,24
2025-03-16,1031041.297488,-3.01825594902039,38342.8844538474,0,24
2025-03-17,1081528.177488,5.04868793487549,39003.3626914091,0,24
2025-03-18,1074885.617488,-0.664255976676941,38392.6839903146,0,24
2025-03-19,1059289.297488,-1.5596319437027,40313.3926908245,0,24
2025-03-20,1079439.537488,2.01502394676209,39091.0043037878,0,24
2025-03-21,1087485.937488,0.804639995098114,39030.5732486761,0,24
2025-03-22,1073516.017488,-1.39699196815491,38912.1168988798,0,24
2025-03-23,1068003.377488,-0.551263988018036,39963.8185327737,0,24
2025-03-24,1090755.857488,2.2752480506897,40610.6030995497,0,24
2025-03-25,1078326.737488,-1.24291205406189,40566.1860217072,0,24
2025-03-26,1058073.777488,-2.0252959728241,40354.0644678187,0,24
2025-03-27,1091235.217488,3.31614398956299,40502.9104962909,0,24
2025-03-28,1061189.617488,-3.0045599937439,39208.3067543706,0,24
2025-03-29,1032393.777488,-2.87958407402039,38391.144631314,0,24
2025-03-30,1031041.297488,-0.135248005390167,38274.1498705766,0,24
2025-03-31,1035509.617488,0.446832001209259,38345.5640983135,0,24
2025-04-01,1046329.457488,1.08198404312134,39554.5006821056,0,24
2025-04-02,1011319.057488,-3.50103998184204,38339.3439235998,0,24
2025-04-03,1014725.937488,0.340687990188599,38662.2402255304,0,24
2025-04-04,1023354.417488,0.862847983837128,38980.1197158688,0,24
2025-04-05,1015513.457488,-0.784096002578735,38817.861629001,0,24
2025-04-06,951159.377488,-6.43540811538696,36471.1275225845,0,24
2025-04-07,949550.097488,-0.160927996039391,36823.3897726299,0,24
2025-04-08,948043.537488,-0.150655999779701,35502.9201105208,0,24
2025-04-09,997006.737488,4.89631986618042,38416.9907895368,0,24
2025-04-10,989662.257488,-0.73444801568985,37034.2065628278,0,24
2025-04-11,1003187.057488,1.35248005390167,38821.0257307309,0,24
2025-04-12,1022635.377488,1.94483196735382,39673.8987567149,0,24
2025-04-13,1000362.257488,-2.2273120880127,38972.7272461802,0,24
2025-04-14,1000807.377488,0.0445119999349117,39358.6363030905,0,24
2025-04-15,992213.137488,-0.859423995018005,38921.2627839457,0,24
2025-04-16,997828.497488,0.561536014080048,39105.3052757545,0,24
2025-04-17,1010993.777488,1.31652796268463,39534.4652219321,0,24
2025-04-18,1013082.417488,0.208864003419876,39309.9535583555,0,24
2025-04-19,1013116.657488,0.00342399999499321,39588.1603729611,0,24
2025-04-20,1014897.137488,0.178047999739647,39642.0967578987,0,24
2025-04-21,1022720.977488,0.782383978366852,40744.4171316221,0,24
2025-04-22,1058964.017488,3.6243040561676,43492.1896186555,0,24
2025-04-23,1037050.417488,-2.19135999679565,43603.2329830492,0,24
2025-04-24,1029928.497488,-0.712191998958588,43746.5204750285,0,24
2025-04-25,1027120.817488,-0.280768007040024,44053.7221610103,0,24
2025-04-26,1039652.657488,1.25318396091461,44038.5432956301,0,24
2025-04-27,1033198.417488,-0.645424008369446,43632.0907036891,0,24
2025-04-28,1037820.817488,0.462240010499954,44224.2759080586,0,24
2025-04-29,1028986.897488,-0.883391976356506,43870.407014079,0,24
2025-04-30,1027069.457488,-0.19174399971962,43831.6648245172,0,24
