date,account_value,reward,daily_volatility,trade_count,fear_greed,fear_greed_norm,fear_greed_mapped,window
2020-11-05,"1,000,000.00",0.00,0.00,0,-1,-1,0,1
2021-01-05,"1,055,704.82",5.57,"15,740.86",1,93,0.86,2,1
2021-01-06,"1,160,211.67",10.45,"17,045.11",1,95,0.9,2,1
2021-01-07,"1,176,007.66",1.58,"18,295.94",0,91,0.82,2,1
2021-01-08,"1,168,381.61",-0.76,"18,840.21",0,93,0.86,2,1
2021-01-09,"1,225,093.29",5.67,"18,593.48",0,93,0.86,2,1
2021-01-10,"1,204,208.95",-2.09,"17,685.39",0,94,0.88,2,1
2021-01-11,"1,043,645.85",-16.06,"16,430.20",0,90,0.8,2,1
2021-01-12,"1,008,270.11",-3.54,"15,800.77",0,84,0.68,2,1
2021-01-13,"1,084,816.48",7.65,"17,346.97",0,78,0.56,2,1
2021-01-14,"1,182,482.56",9.77,"18,159.23",0,83,0.66,2,1
2021-01-15,"1,121,913.14",-6.06,"17,041.61",0,88,0.76,2,1
2021-01-16,"1,178,847.97",5.69,"16,675.64",0,84,0.68,2,1
2021-01-17,"1,183,291.35",0.44,"16,595.54",0,79,0.58,2,1
2021-01-18,"1,208,249.77",2.50,"16,968.07",0,79,0.58,2,1
2021-01-19,"1,310,874.92",10.26,"16,596.36",0,80,0.6,2,1
2021-01-20,"1,322,039.97",1.12,"16,394.34",0,78,0.56,2,1
2021-01-21,"1,066,639.25",-25.54,"14,278.64",0,75,0.5,2,1
2021-01-22,"1,183,439.63",11.68,"15,238.10",0,40,-0.2,-1,1
2021-01-23,"1,184,380.48",0.09,"14,829.31",0,74,0.48,1,1
2021-01-24,"1,336,936.82",15.26,"14,879.61",0,70,0.4,1,1
2021-01-25,"1,265,292.05",-7.16,"14,893.40",0,74,0.48,1,1
2021-01-26,"1,311,458.46",4.62,"14,983.38",0,71,0.42,1,1
2021-01-27,"1,189,593.19",-12.19,"14,021.60",0,78,0.56,2,1
2021-01-28,"1,276,631.72",8.70,"15,413.87",0,55,0.1,1,1
2021-01-29,"1,324,450.33",4.78,"15,820.80",0,77,0.54,2,1
2021-01-30,"1,323,064.10",-0.14,"15,825.67",0,76,0.52,2,1
2021-01-31,"1,260,182.73",-6.29,"15,289.13",0,78,0.56,2,1
2021-02-01,"1,319,359.38",5.92,"15,477.88",0,77,0.54,2,1
2021-02-02,"1,451,549.97",13.22,"16,361.45",0,76,0.52,2,1
2021-02-03,"1,598,068.50",14.65,"17,341.59",0,78,0.56,2,1
2021-02-04,"1,532,012.82",-6.61,"17,034.42",0,80,0.6,2,1
2021-02-05,"1,650,627.25",11.86,"17,641.91",0,81,0.62,2,1
2021-02-06,"1,609,516.25",-4.11,"18,072.47",0,84,0.68,2,1
2021-02-07,"1,547,362.01",-6.22,"17,903.58",0,86,0.72,2,1
2021-02-08,"1,680,385.26",13.30,"21,440.84",0,83,0.66,2,1
2021-02-09,"1,698,688.59",1.83,"21,451.24",0,95,0.9,2,1
2021-02-10,"1,671,537.46",-2.72,"20,692.26",0,92,0.84,2,1
2021-02-11,"1,714,569.20",4.30,"22,173.30",0,93,0.86,2,1
2021-02-12,"1,767,061.19",5.25,"21,836.71",0,92,0.84,2,1
2021-02-13,"1,742,763.39",-2.43,"21,780.06",0,92,0.84,2,1
2021-02-14,"1,728,812.53",-1.40,"22,453.69",0,95,0.9,2,1
2021-02-15,"1,708,472.65",-2.03,"22,145.66",0,93,0.86,2,1
2021-02-16,"1,711,102.69",0.26,"22,721.04",0,95,0.9,2,1
2021-02-17,"1,776,382.51",6.53,"24,104.29",0,95,0.9,2,1
2021-02-18,"1,862,614.14",8.62,"23,809.50",0,91,0.82,2,1
2021-02-19,"1,877,801.08",1.52,"25,823.52",0,93,0.86,2,1
2021-02-20,"1,837,240.74",-4.06,"25,822.15",0,91,0.82,2,1
2021-02-21,"1,857,076.32",1.98,"26,545.76",0,91,0.82,2,1
2021-02-22,"1,707,281.09",-14.98,"25,022.73",0,94,0.88,2,1
2021-02-23,"1,515,470.24",-19.18,"22,627.67",0,94,0.88,2,1
2021-02-24,"1,559,219.66",4.37,"22,981.76",0,76,0.52,2,1
2021-02-25,"1,423,186.49",-13.60,"21,792.09",0,79,0.58,2,1
2021-02-26,"1,387,473.30",-3.57,"21,428.19",0,55,0.1,1,1
2021-02-27,"1,400,482.70",1.30,"21,343.91",0,56,0.12,1,1
2021-02-28,"1,363,045.19",-3.74,"20,898.93",0,55,0.1,1,1
2021-03-01,"1,507,832.24",14.48,"22,951.71",0,38,-0.24,-1,1
2021-03-02,"1,428,029.60",-7.98,"22,433.99",0,78,0.56,2,1
2021-01-03,"1,000,000.00",0.00,0.00,0,-1,-1,0,2
2021-03-05,"1,007,223.10",0.72,"22,574.67",2,77,0.54,2,2
2021-03-06,"1,012,395.74",0.52,"22,608.42",0,77,0.54,2,2
2021-03-07,"1,055,778.75",4.34,"23,572.67",0,76,0.52,2,2
2021-03-08,"1,086,094.57",3.03,"24,209.84",0,81,0.62,2,2
2021-03-09,"1,137,065.10",5.10,"25,370.98",0,81,0.62,2,2
2021-03-10,"1,154,823.71",1.78,"25,847.36",0,68,0.36,1,2
2021-03-11,"1,193,898.97",3.91,"26,743.18",0,73,0.46,1,2
2021-03-12,"1,181,616.89",-1.23,"26,503.36",0,70,0.4,1,2
2021-03-13,"1,264,231.54",8.26,"28,334.23",0,74,0.48,1,2
2021-03-14,"1,218,270.69",-4.60,"27,307.95",0,78,0.56,2,2
2021-03-15,"1,149,861.47",-6.84,"25,737.50",0,76,0.52,2,2
2021-03-16,"1,176,016.91",2.62,"26,344.43",0,71,0.42,1,2
2021-03-17,"1,216,648.97",4.06,"27,285.80",0,71,0.42,1,2
2021-03-18,"1,190,355.27",-2.63,"26,702.51",0,72,0.44,1,2
2021-03-19,"1,198,685.69",0.83,"26,874.64",0,71,0.42,1,2
2021-03-20,"1,200,068.09",0.14,"26,909.04",0,75,0.5,2,2
2021-03-21,"1,184,568.17",-1.55,"26,560.39",0,73,0.46,1,2
2021-03-22,"1,117,059.76",-6.75,"25,045.59",0,70,0.4,1,2
2021-03-23,"1,121,941.87",0.49,"25,169.77",0,66,0.32,1,2
2021-03-24,"1,079,386.03",-4.26,"24,230.87",0,65,0.3,1,2
2021-03-25,"1,059,270.53",-2.01,"23,757.63",0,60,0.2,1,2
2021-03-26,"1,136,281.83",7.70,"25,485.55",0,54,0.08,1,2
2021-03-27,"1,152,402.42",1.61,"25,852.04",0,65,0.3,1,2
2021-03-28,"1,151,074.20",-0.13,"25,839.42",0,74,0.48,1,2
2021-03-29,"1,190,955.33",3.99,"26,683.94",0,72,0.44,1,2
2021-03-30,"1,213,675.45",2.27,"27,193.39",0,72,0.44,1,2
2021-03-31,"1,215,212.16",0.15,"27,174.91",0,76,0.52,2,2
2021-04-01,"1,215,832.24",0.06,"27,146.48",0,74,0.48,1,2
2021-04-02,"1,223,902.08",0.81,"27,216.52",0,74,0.48,1,2
2021-04-03,"1,183,312.11",-4.06,"26,354.24",0,73,0.46,1,2
2021-04-04,"1,207,724.08",2.44,"26,874.47",0,74,0.48,1,2
2021-04-05,"1,226,949.17",1.92,"27,299.92",0,71,0.42,1,2
2021-04-06,"1,204,273.80",-2.27,"26,753.46",0,75,0.5,2,2
2021-04-07,"1,160,396.26",-4.39,"25,833.53",0,72,0.44,1,2
2021-04-08,"1,205,334.45",4.49,"26,797.54",0,73,0.46,1,2
2021-04-09,"1,206,349.46",0.10,"26,822.57",0,70,0.4,1,2
2021-04-10,"1,240,280.28",3.39,"27,569.84",0,70,0.4,1,2
2021-04-11,"1,245,321.55",0.50,"27,662.33",0,76,0.52,2,2
2021-04-12,"1,242,185.88",-0.31,"27,580.95",0,74,0.48,1,2
2021-04-13,"1,319,877.38",7.77,"29,306.28",0,74,0.48,1,2
2021-04-14,"1,310,369.59",-0.95,"28,986.59",0,75,0.5,2,2
2021-04-15,"1,316,088.83",0.57,"29,064.77",0,79,0.58,2,2
2021-04-16,"1,277,666.46",-3.84,"28,233.49",0,78,0.56,2,2
2021-04-17,"1,248,897.19",-2.88,"27,629.64",0,76,0.52,2,2
2021-04-18,"1,170,043.03",-7.89,"25,838.87",0,79,0.58,2,2
2021-04-19,"1,158,140.71",-1.19,"25,606.47",0,74,0.48,1,2
2021-04-20,"1,177,525.02",1.94,"25,921.38",0,73,0.46,1,2
2021-04-21,"1,125,345.25",-5.22,"24,683.14",0,73,0.46,1,2
2021-04-22,"1,084,270.33",-4.11,"23,695.67",0,65,0.3,1,2
2021-04-23,"1,072,312.38",-1.20,"23,430.57",0,55,0.1,1,2
2021-04-24,"1,047,531.54",-2.48,"22,964.64",0,37,-0.26,-1,2
2021-04-25,"1,030,160.08",-1.74,"22,476.55",0,31,-0.38,-1,2
2021-04-26,"1,133,306.79",10.31,"24,746.82",0,27,-0.46,-1,2
2021-04-27,"1,156,322.52",2.30,"25,184.98",0,50,0,1,2
2021-04-28,"1,154,731.83",-0.16,"25,090.21",0,59,0.18,1,2
2021-04-29,"1,129,092.23",-2.56,"24,470.73",0,52,0.04,1,2
2021-04-30,"1,212,200.61",8.31,"26,411.70",0,51,0.02,1,2
2021-05-01,"1,217,941.96",0.57,"26,424.18",0,68,0.36,1,2
2021-05-02,"1,193,599.35",-2.43,"25,846.93",0,66,0.32,1,2
2021-03-05,"1,000,000.00",0.00,0.00,0,-1,-1,0,3
2021-05-05,"1,068,493.81",6.85,"26,117.85",1,48,-0.04,-1,3
2021-05-06,"1,040,416.30",-2.81,"25,638.79",0,65,0.3,1,3
2021-05-07,"1,024,515.01",-1.59,"26,077.22",0,64,0.28,1,3
2021-05-08,"1,060,288.81",3.58,"26,707.16",0,67,0.34,1,3
2021-05-09,"1,085,954.05",2.57,"26,407.74",0,73,0.46,1,3
2021-05-10,"1,035,673.81",-5.03,"25,269.44",0,72,0.44,1,3
2021-05-11,"1,102,643.02",6.70,"25,612.36",0,61,0.22,1,3
2021-05-12,"975,859.36",-12.68,"22,393.95",0,68,0.36,1,3
2021-05-13,"937,213.81",-3.86,"22,440.99",0,31,-0.38,-1,3
2021-05-14,"988,921.72",5.17,"22,437.79",0,26,-0.48,-1,3
2021-05-15,"924,594.52",-6.43,"21,089.55",0,27,-0.46,-1,3
2021-05-16,"926,087.83",0.15,"20,946.96",0,20,-0.6,-2,3
2021-05-17,"840,345.58",-8.57,"19,662.19",0,27,-0.46,-1,3
2021-05-18,"833,469.79",-0.69,"19,319.85",0,21,-0.58,-2,3
2021-05-19,"549,445.51",-28.40,"16,664.26",0,23,-0.54,-2,3
2021-05-20,"641,948.68",9.25,"18,385.31",0,11,-0.78,-2,3
2021-05-21,"535,021.12",-10.69,"16,932.76",0,19,-0.62,-2,3
2021-05-22,"491,944.87",-4.31,"17,061.86",0,12,-0.76,-2,3
2021-05-23,"427,880.23",-6.41,"15,798.85",0,14,-0.72,-2,3
2021-05-24,"567,233.95",13.94,"17,608.15",0,10,-0.8,-2,3
2021-05-25,"563,197.09",-0.40,"17,374.73",0,22,-0.56,-2,3
2021-05-26,"622,240.27",5.90,"17,758.95",0,22,-0.56,-2,3
2021-05-27,"606,667.18",-1.56,"17,456.62",0,27,-0.46,-1,3
2021-05-28,"539,632.33",-6.70,"16,188.25",0,21,-0.58,-2,3
2021-05-29,"500,609.35",-3.90,"15,724.68",0,18,-0.64,-2,3
2021-05-30,"534,299.08",3.37,"16,184.21",0,10,-0.8,-2,3
2021-05-31,"579,853.24",4.56,"16,867.86",0,18,-0.64,-2,3
2021-06-01,"594,720.70",1.49,"16,616.81",0,20,-0.6,-2,3
2021-06-02,"658,965.85",6.42,"17,003.59",0,23,-0.54,-2,3
2021-06-03,"703,174.39",4.42,"17,754.37",0,24,-0.52,-2,3
2021-06-04,"641,177.41",-6.20,"16,661.80",0,27,-0.46,-1,3
2021-06-05,"640,159.99",-0.10,"16,055.79",0,24,-0.52,-2,3
2021-06-06,"646,149.64",0.60,"16,170.25",0,17,-0.66,-2,3
2021-06-07,"587,451.07",-5.87,"15,149.09",0,15,-0.7,-2,3
2021-06-08,"578,491.21",-0.90,"15,087.49",0,13,-0.74,-2,3
2021-06-09,"616,299.85",3.78,"16,945.73",0,14,-0.72,-2,3
2021-06-10,"577,572.25",-3.87,"16,646.20",0,21,-0.58,-2,3
2021-06-11,"567,414.46",-1.02,"16,981.93",0,21,-0.58,-2,3
2021-06-12,"564,050.41",-0.34,"16,138.03",0,28,-0.44,-1,3
2021-06-13,"600,316.51",3.63,"17,738.40",0,23,-0.54,-2,3
2021-06-14,"607,520.50",0.72,"18,426.13",0,28,-0.44,-1,3
2021-06-15,"601,432.39",-0.61,"18,259.83",0,38,-0.24,-1,3
2021-06-16,"569,826.73",-3.16,"17,457.44",0,33,-0.34,-1,3
2021-06-17,"579,065.56",0.92,"17,334.28",0,26,-0.48,-1,3
2021-06-18,"553,318.27",-2.57,"16,297.99",0,25,-0.5,-1,3
2021-06-19,"548,149.12",-0.52,"16,155.54",0,23,-0.54,-2,3
2021-06-20,"556,468.99",0.83,"16,192.04",0,21,-0.58,-2,3
2021-06-21,"444,355.87",-11.21,"14,407.45",0,23,-0.54,-2,3
2021-06-22,"430,144.81",-1.42,"14,835.12",0,10,-0.8,-2,3
2021-06-23,"486,184.96",5.60,"15,357.45",0,14,-0.72,-2,3
2021-06-24,"506,484.13",2.03,"15,813.56",0,22,-0.56,-2,3
2021-06-25,"460,847.92",-4.56,"14,410.03",0,27,-0.46,-1,3
2021-06-26,"458,944.36",-0.19,"14,735.09",0,20,-0.6,-2,3
2021-06-27,"477,356.38",1.84,"15,837.17",0,22,-0.56,-2,3
2021-06-28,"475,928.71",-0.14,"15,718.47",0,25,-0.5,-1,3
2021-06-29,"493,635.10",1.77,"16,365.39",0,25,-0.5,-1,3
2021-06-30,"498,426.82",0.48,"15,932.76",0,28,-0.44,-1,3
2021-07-01,"471,711.34",-2.67,"15,248.12",0,28,-0.44,-1,3
2021-07-02,"471,284.68",-0.04,"15,370.62",0,21,-0.58,-2,3
2021-05-05,"1,000,000.00",0.00,0.00,0,-1,-1,0,4
2021-07-05,"955,202.84",-4.48,"15,312.32",1,29,-0.42,-1,4
2021-07-06,"970,736.12",1.55,"15,530.18",1,20,-0.6,-2,4
2021-07-07,"961,011.21",-0.97,"15,361.02",0,28,-0.44,-1,4
2021-07-08,"932,714.30",-2.83,"14,944.04",0,20,-0.6,-2,4
2021-07-09,"959,308.15",2.66,"15,378.29",0,20,-0.6,-2,4
2021-07-10,"950,508.00",-0.88,"15,239.02",0,20,-0.6,-2,4
2021-07-11,"971,914.92",2.14,"15,587.09",0,20,-0.6,-2,4
2021-07-12,"938,853.28",-3.31,"15,060.12",0,25,-0.5,-1,4
2021-07-13,"928,581.18",-1.03,"14,913.72",0,20,-0.6,-2,4
2021-07-14,"931,126.12",0.25,"14,944.30",0,21,-0.58,-2,4
2021-07-15,"905,067.25",-2.61,"14,516.20",0,20,-0.6,-2,4
2021-07-16,"890,659.64",-1.44,"14,295.31",0,22,-0.56,-2,4
2021-07-17,"894,381.20",0.37,"14,354.98",0,15,-0.7,-2,4
2021-07-18,"901,680.54",0.73,"14,478.04",0,19,-0.62,-2,4
2021-07-19,"874,550.22",-2.71,"14,057.18",0,24,-0.52,-2,4
2021-07-20,"844,541.92",-3.00,"13,574.23",0,19,-0.62,-2,4
2021-07-21,"911,582.38",6.70,"14,630.12",0,10,-0.8,-2,4
2021-07-22,"915,599.24",0.40,"14,691.30",0,21,-0.58,-2,4
2021-07-23,"953,525.01",3.79,"15,302.18",0,23,-0.54,-2,4
2021-07-24,"971,087.72",1.76,"15,582.39",0,22,-0.56,-2,4
2021-07-25,"1,002,567.36",3.15,"16,109.75",0,27,-0.46,-1,4
2021-07-26,"1,054,607.76",5.20,"16,975.34",0,26,-0.48,-1,4
2021-07-27,"1,117,145.04",6.25,"18,003.00",0,32,-0.36,-1,4
2021-07-28,"1,132,884.84",1.57,"18,267.13",0,50,0,1,4
2021-07-29,"1,132,924.57",0.00,"18,247.07",0,50,0,1,4
2021-07-30,"1,194,457.94",6.15,"19,259.80",0,53,0.06,1,4
2021-07-31,"1,173,993.02",-2.05,"18,891.71",0,60,0.2,1,4
2021-08-01,"1,128,742.29",-4.53,"18,125.28",0,60,0.2,1,4
2021-08-02,"1,109,129.37",-1.96,"17,786.38",0,48,-0.04,-1,4
2021-08-03,"1,082,510.13",-2.66,"17,366.29",0,48,-0.04,-1,4
2021-08-04,"1,125,404.03",4.29,"18,030.96",0,42,-0.16,-1,4
2021-08-05,"1,157,426.33",3.20,"18,544.64",0,50,0,1,4
2021-08-06,"1,212,884.53",5.55,"19,459.09",0,52,0.04,1,4
2021-08-07,"1,262,021.10",4.91,"20,215.29",0,69,0.38,1,4
2021-08-08,"1,239,671.13",-2.23,"19,884.30",0,74,0.48,1,4
2021-08-09,"1,309,012.64",6.93,"21,006.87",0,65,0.3,1,4
2021-08-10,"1,290,983.56",-1.80,"20,691.73",0,71,0.42,1,4
2021-08-11,"1,289,654.40",-0.13,"20,647.98",0,70,0.4,1,4
2021-08-12,"1,258,311.70",-3.13,"20,150.34",0,70,0.4,1,4
2021-08-13,"1,354,518.60",9.62,"21,685.84",0,70,0.4,1,4
2021-08-14,"1,333,955.37",-2.06,"21,354.67",0,76,0.52,2,4
2021-08-15,"1,331,513.87",-0.24,"21,299.36",0,71,0.42,1,4
2021-08-16,"1,301,548.16",-3.00,"20,828.30",0,72,0.44,1,4
2021-08-17,"1,267,255.76",-3.43,"20,293.29",0,72,0.44,1,4
2021-08-18,"1,267,296.93",0.00,"20,298.53",0,73,0.46,1,4
2021-08-19,"1,326,215.85",5.89,"21,220.79",0,70,0.4,1,4
2021-08-20,"1,398,870.39",7.27,"22,399.18",0,70,0.4,1,4
2021-08-21,"1,384,612.18",-1.43,"22,178.26",0,78,0.56,2,4
2021-08-22,"1,396,295.64",1.17,"22,371.63",0,76,0.52,2,4
2021-08-23,"1,405,250.10",0.90,"22,458.38",0,79,0.58,2,4
2021-08-24,"1,353,364.42",-5.19,"21,643.33",0,79,0.58,2,4
2021-08-25,"1,390,976.33",3.76,"22,234.88",0,73,0.46,1,4
2021-08-26,"1,330,373.22",-6.06,"21,267.46",0,75,0.5,2,4
2021-08-27,"1,393,341.66",6.30,"22,272.57",0,71,0.42,1,4
2021-08-28,"1,388,130.56",-0.52,"22,198.74",0,78,0.56,2,4
2021-08-29,"1,384,306.50",-0.38,"22,144.88",0,72,0.44,1,4
2021-08-30,"1,333,572.14",-5.07,"21,308.24",0,73,0.46,1,4
2021-08-31,"1,337,015.98",0.34,"21,320.36",0,73,0.46,1,4
2021-09-01,"1,385,880.12",4.89,"22,034.32",0,71,0.42,1,4
2021-09-02,"1,397,869.18",1.20,"22,249.63",0,74,0.48,1,4
2021-07-06,"1,000,000.00",0.00,0.00,0,-1,-1,0,5
2021-09-05,"1,014,163.91",1.42,"23,390.68",1,73,0.46,1,5
2021-09-06,"996,685.61",-1.75,"23,824.72",0,79,0.58,2,5
2021-09-07,"841,189.01",-15.55,"21,219.30",0,79,0.58,2,5
2021-09-08,"833,755.71",-0.74,"20,822.94",0,47,-0.06,-1,5
2021-09-09,"846,412.41",1.27,"21,000.14",0,45,-0.1,-1,5
2021-09-10,"806,433.31",-4.00,"20,324.32",0,46,-0.08,-1,5
2021-09-11,"813,866.61",0.74,"20,462.90",0,31,-0.38,-1,5
2021-09-12,"836,367.41",2.25,"20,831.75",0,32,-0.36,-1,5
2021-09-13,"801,812.61",-3.46,"20,350.97",0,44,-0.12,-1,5
2021-09-14,"832,349.41",3.05,"21,337.10",0,30,-0.4,-1,5
2021-09-15,"866,502.41",3.42,"21,770.07",0,49,-0.02,-1,5
2021-09-16,"852,439.41",-1.41,"21,600.99",0,53,0.06,1,5
2021-09-17,"816,880.11",-3.56,"21,435.10",0,48,-0.04,-1,5
2021-09-18,"825,117.01",0.82,"21,893.68",0,50,0,1,5
2021-09-19,"820,898.11",-0.42,"21,422.30",0,53,0.06,1,5
2021-09-20,"731,497.61",-8.94,"19,519.36",0,50,0,1,5
2021-09-21,"691,920.31",-3.96,"18,495.70",0,27,-0.46,-1,5
2021-09-22,"761,431.71",6.95,"19,742.83",0,21,-0.58,-2,5
2021-09-23,"770,472.21",0.90,"20,347.67",0,27,-0.46,-1,5
2021-09-24,"713,215.71",-5.73,"19,435.58",0,33,-0.34,-1,5
2021-09-25,"702,367.11",-1.08,"19,372.55",0,28,-0.44,-1,5
2021-09-26,"691,116.71",-1.13,"19,575.47",0,27,-0.46,-1,5
2021-09-27,"674,040.21",-1.71,"19,129.05",0,26,-0.48,-1,5
2021-09-28,"669,017.71",-0.50,"18,627.84",0,25,-0.5,-1,5
2021-09-29,"738,730.01",6.97,"18,843.49",0,24,-0.52,-2,5
2021-09-30,"778,508.21",3.98,"19,888.92",0,20,-0.6,-2,5
2021-10-01,"846,814.21",6.83,"21,846.52",0,27,-0.46,-1,5
2021-10-02,"858,064.61",1.13,"21,590.00",0,54,0.08,1,5
2021-10-03,"864,895.21",0.68,"21,848.73",0,49,-0.02,-1,5
2021-10-04,"856,457.41",-0.84,"22,338.93",0,54,0.08,1,5
2021-10-05,"888,199.61",3.17,"23,365.08",0,59,0.18,1,5
2021-10-06,"873,734.81",-1.45,"25,163.30",0,68,0.36,1,5
2021-10-07,"880,967.21",0.72,"24,439.50",0,76,0.52,2,5
2021-10-08,"842,193.51",-3.88,"24,527.91",0,74,0.48,1,5
2021-10-09,"847,617.81",0.54,"24,994.68",0,72,0.44,1,5
2021-10-10,"811,857.61",-3.58,"24,896.86",0,71,0.42,1,5
2021-10-11,"829,938.61",1.81,"26,191.17",0,71,0.42,1,5
2021-10-12,"892,418.51",6.25,"25,499.93",0,78,0.56,2,5
2021-10-13,"945,857.91",5.34,"26,113.23",0,70,0.4,1,5
2021-10-14,"949,675.01",0.38,"26,064.38",0,70,0.4,1,5
2021-10-15,"953,291.21",0.36,"28,083.10",0,71,0.42,1,5
2021-10-16,"935,812.91",-1.75,"27,718.54",0,78,0.56,2,5
2021-10-17,"946,058.81",1.02,"28,020.94",0,79,0.58,2,5
2021-10-18,"974,184.81",2.81,"28,266.08",0,78,0.56,2,5
2021-10-19,"980,613.61",0.64,"29,305.97",0,75,0.5,2,5
2021-10-20,"1,007,132.41",2.65,"30,051.58",0,82,0.64,2,5
2021-10-21,"946,058.81",-6.11,"28,289.66",0,84,0.68,2,5
2021-10-22,"962,934.41",1.69,"27,596.34",0,75,0.5,2,5
2021-10-23,"975,390.21",1.25,"27,834.83",0,74,0.48,1,5
2021-10-24,"955,902.91",-1.95,"27,650.88",0,73,0.46,1,5
2021-10-25,"974,586.61",1.87,"28,667.12",0,72,0.44,1,5
2021-10-26,"960,523.61",-1.41,"27,393.41",0,76,0.52,2,5
2021-10-27,"901,459.01",-5.91,"26,544.08",0,73,0.46,1,5
2021-10-28,"988,247.81",8.68,"27,473.28",0,66,0.32,1,5
2021-10-29,"1,065,393.41",7.71,"28,224.83",0,70,0.4,1,5
2021-10-30,"1,061,375.41",-0.40,"28,060.10",0,73,0.46,1,5
2021-10-31,"1,053,942.11",-0.74,"27,805.31",0,74,0.48,1,5
2021-11-01,"1,107,582.41",5.36,"27,608.62",0,74,0.48,1,5
2021-11-02,"1,113,810.31",0.62,"28,637.10",0,73,0.46,1,5
2021-09-05,"1,000,000.00",0.00,0.00,0,-1,-1,0,6
2021-11-05,"1,078,146.04",7.81,"27,573.53",2,73,0.46,1,6
2021-11-06,"1,128,597.80",5.05,"27,807.47",1,71,0.42,1,6
2021-11-07,"1,149,842.44",2.12,"28,632.89",1,73,0.46,1,6
2021-11-08,"1,159,928.41",1.01,"30,591.75",0,75,0.5,2,6
2021-11-09,"1,128,257.47",-3.17,"30,340.48",0,84,0.68,2,6
2021-11-10,"1,092,134.23",-3.61,"29,395.84",0,75,0.5,2,6
2021-11-11,"1,117,218.16",2.51,"29,322.08",0,77,0.54,2,6
2021-11-12,"1,113,749.53",-0.35,"29,026.95",0,74,0.48,1,6
2021-11-13,"1,150,281.12",3.65,"29,146.93",0,72,0.44,1,6
2021-11-14,"1,152,067.82",0.18,"29,686.53",0,74,0.48,1,6
2021-11-15,"1,123,093.92",-2.90,"28,804.14",0,72,0.44,1,6
2021-11-16,"1,042,662.94",-8.04,"27,221.19",0,71,0.42,1,6
2021-11-17,"1,026,665.47",-1.60,"27,341.94",1,52,0.04,1,6
2021-11-18,"945,709.26",-8.10,"25,790.37",1,54,0.08,1,6
2021-11-19,"1,031,699.99",8.60,"26,260.66",1,34,-0.32,-1,6
2021-11-20,"1,071,930.64",4.02,"27,008.77",1,43,-0.14,-1,6
2021-11-21,"1,035,973.39",-3.60,"26,535.77",1,49,-0.02,-1,6
2021-11-22,"992,363.96",-4.36,"25,461.01",2,50,0,1,6
2021-11-23,"1,049,160.11",5.68,"26,008.13",1,33,-0.34,-1,6
2021-11-24,"1,046,460.11",-0.27,"25,833.51",1,42,-0.16,-1,6
2021-11-25,"1,130,890.27",8.44,"26,624.33",1,32,-0.36,-1,6
2021-11-26,"1,037,093.81",-9.38,"24,276.96",1,47,-0.06,-1,6
2021-11-27,"1,058,669.06",2.16,"24,730.28",1,21,-0.58,-2,6
2021-11-28,"1,081,202.29",2.25,"25,886.98",1,27,-0.46,-1,6
2021-11-29,"1,103,894.00",2.27,"26,088.14",1,33,-0.34,-1,6
2021-11-30,"1,106,135.41",0.22,"25,660.88",0,40,-0.2,-1,6
2021-12-01,"1,113,332.89",0.72,"25,779.34",0,34,-0.32,-1,6
2021-12-02,"1,099,525.64",-1.38,"25,465.27",0,32,-0.36,-1,6
2021-12-03,"1,053,082.49",-4.64,"24,179.10",0,31,-0.38,-1,6
2021-12-04,"1,008,128.69",-4.50,"22,113.74",0,25,-0.5,-1,6
2021-12-05,"992,123.10",-1.60,"22,214.79",0,18,-0.64,-2,6
2021-12-06,"1,043,501.66",5.14,"22,667.37",0,16,-0.68,-2,6
2021-12-07,"1,028,350.14",-1.52,"22,747.39",0,25,-0.5,-1,6
2021-12-08,"1,077,362.75",4.90,"22,657.45",0,28,-0.44,-1,6
2021-12-09,"1,010,502.32",-6.69,"21,359.92",0,29,-0.42,-1,6
2021-12-10,"977,372.38",-3.31,"21,217.31",0,24,-0.52,-2,6
2021-12-11,"1,000,896.03",2.35,"22,232.36",0,16,-0.68,-2,6
2021-12-12,"1,011,151.34",1.03,"22,534.67",0,27,-0.46,-1,6
2021-12-13,"923,926.98",-8.72,"21,043.83",0,28,-0.44,-1,6
2021-12-14,"937,026.24",1.31,"21,797.65",0,21,-0.58,-2,6
2021-12-15,"961,389.89",2.44,"22,006.18",0,28,-0.44,-1,6
2021-12-16,"935,910.68",-2.55,"21,442.98",0,29,-0.42,-1,6
2021-12-17,"933,120.46",-0.28,"20,754.26",0,23,-0.54,-2,6
2021-12-18,"948,485.26",1.54,"21,065.26",0,24,-0.52,-2,6
2021-12-19,"941,094.73",-0.74,"21,001.71",0,29,-0.42,-1,6
2021-12-20,"932,061.28",-0.90,"21,108.50",0,25,-0.5,-1,6
2021-12-21,"940,448.69",0.84,"22,022.27",0,27,-0.46,-1,6
2021-12-22,"948,387.54",0.79,"21,886.19",0,45,-0.1,-1,6
2021-12-23,"976,096.59",2.77,"22,913.38",0,34,-0.32,-1,6
2021-12-24,"963,562.70",-1.25,"22,919.96",0,41,-0.18,-1,6
2021-12-25,"973,160.32",0.96,"22,710.67",0,39,-0.22,-1,6
2021-12-26,"970,907.87",-0.23,"22,894.29",0,37,-0.26,-1,6
2021-12-27,"998,552.71",2.76,"22,860.46",0,40,-0.2,-1,6
2021-12-28,"945,637.07",-5.29,"21,433.78",0,41,-0.18,-1,6
2021-12-29,"910,314.22",-3.53,"20,965.36",0,27,-0.46,-1,6
2021-12-30,"918,405.92",0.81,"21,256.45",0,22,-0.56,-2,6
2021-12-31,"906,185.25",-1.22,"20,839.93",0,28,-0.44,-1,6
2022-01-01,"933,858.42",2.77,"21,525.48",0,21,-0.58,-2,6
2022-01-02,"941,135.30",0.73,"21,305.99",0,29,-0.42,-1,6
2021-11-05,"1,000,000.00",0.00,0.00,0,-1,-1,0,7
2022-01-05,"1,000,000.00",0.00,"19,576.85",0,24,-0.52,-2,7
2022-01-06,"967,409.96",-3.26,"19,431.77",1,15,-0.7,-2,7
2022-01-07,"908,468.18",-5.89,"18,768.58",1,18,-0.64,-2,7
2022-01-08,"874,886.39",-3.36,"18,851.60",0,10,-0.8,-2,7
2022-01-09,"895,048.52",2.02,"18,921.29",0,23,-0.54,-2,7
2022-01-10,"875,377.53",-1.97,"18,919.76",0,23,-0.54,-2,7
2022-01-11,"919,960.20",4.46,"19,303.20",0,21,-0.58,-2,7
2022-01-12,"957,303.58",3.73,"19,821.31",0,22,-0.56,-2,7
2022-01-13,"920,212.86",-3.71,"19,220.39",0,21,-0.58,-2,7
2022-01-14,"939,179.80",1.90,"19,437.66",0,21,-0.58,-2,7
2022-01-15,"944,465.90",0.53,"19,444.01",0,23,-0.54,-2,7
2022-01-16,"950,382.25",0.59,"19,432.61",0,21,-0.58,-2,7
2022-01-17,"911,429.19",-3.90,"19,058.23",0,22,-0.56,-2,7
2022-01-18,"897,285.61",-1.41,"19,140.58",0,24,-0.52,-2,7
2022-01-19,"875,757.95",-2.15,"18,833.38",0,24,-0.52,-2,7
2022-01-20,"852,325.36",-2.34,"18,395.69",0,24,-0.52,-2,7
2022-01-21,"729,305.70",-12.30,"16,508.78",0,19,-0.62,-2,7
2022-01-22,"685,026.80",-4.43,"15,901.94",0,13,-0.74,-2,7
2022-01-23,"721,033.04",3.60,"16,420.50",0,11,-0.78,-2,7
2022-01-24,"692,723.16",-2.83,"16,640.82",0,13,-0.74,-2,7
2022-01-25,"698,270.44",0.55,"16,773.38",0,12,-0.76,-2,7
2022-01-26,"699,451.44",0.12,"16,704.91",0,23,-0.54,-2,7
2022-01-27,"688,453.40",-1.10,"16,874.59",0,20,-0.6,-2,7
2022-01-28,"722,730.72",3.43,"17,111.66",0,24,-0.52,-2,7
2022-01-29,"738,753.68",1.60,"17,310.67",0,24,-0.52,-2,7
2022-01-30,"738,824.66",0.01,"17,179.52",0,29,-0.42,-1,7
2022-01-31,"763,029.43",2.42,"17,437.51",0,20,-0.6,-2,7
2022-02-01,"791,501.13",2.85,"17,520.78",0,26,-0.48,-1,7
2022-02-02,"761,249.42",-3.03,"16,701.52",0,28,-0.44,-1,7
2022-02-03,"765,448.21",0.42,"16,892.43",0,20,-0.6,-2,7
2022-02-04,"850,482.89",8.50,"18,828.04",0,20,-0.6,-2,7
2022-02-05,"855,496.45",0.50,"18,730.42",0,33,-0.34,-1,7
2022-02-06,"867,516.51",1.20,"19,189.67",0,37,-0.26,-1,7
2022-02-07,"891,585.02",2.41,"19,854.90",0,45,-0.1,-1,7
2022-02-08,"885,032.75",-0.66,"19,961.99",0,48,-0.04,-1,7
2022-02-09,"921,158.23",3.61,"20,086.26",0,54,0.08,1,7
2022-02-10,"872,484.65",-4.87,"19,711.89",0,50,0,1,7
2022-02-11,"831,334.26",-4.12,"19,218.58",0,50,0,1,7
2022-02-12,"828,875.74",-0.25,"19,146.14",0,44,-0.12,-1,7
2022-02-13,"815,319.82",-1.36,"19,080.50",0,44,-0.12,-1,7
2022-02-14,"831,961.66",1.66,"19,293.59",0,46,-0.08,-1,7
2022-02-15,"904,005.37",7.20,"20,177.65",0,46,-0.08,-1,7
2022-02-16,"886,625.40",-1.74,"19,876.02",0,51,0.02,1,7
2022-02-17,"821,207.77",-6.54,"18,350.98",0,52,0.04,1,7
2022-02-18,"789,300.96",-3.19,"18,120.98",0,30,-0.4,-1,7
2022-02-19,"784,801.24",-0.45,"18,173.51",0,25,-0.5,-1,7
2022-02-20,"744,590.54",-4.02,"17,412.10",0,27,-0.46,-1,7
2022-02-21,"729,268.79",-1.53,"16,780.78",0,25,-0.5,-1,7
2022-02-22,"748,650.22",1.94,"17,336.96",0,20,-0.6,-2,7
2022-02-23,"732,587.51",-1.61,"16,889.81",0,25,-0.5,-1,7
2022-02-24,"737,268.92",0.47,"17,394.50",0,23,-0.54,-2,7
2022-02-25,"786,180.96",4.89,"17,774.05",0,27,-0.46,-1,7
2022-02-26,"789,298.12",0.31,"17,723.82",0,26,-0.48,-1,7
2022-02-27,"743,114.29",-4.62,"17,094.70",0,26,-0.48,-1,7
2022-02-28,"829,463.40",8.63,"19,591.25",0,20,-0.6,-2,7
2022-03-01,"845,185.43",1.57,"20,169.75",0,51,0.02,1,7
2022-03-02,"836,944.00",-0.82,"19,927.15",0,52,0.04,1,7
2022-01-03,"1,000,000.00",0.00,0.00,0,-1,-1,0,8
2022-03-05,"1,027,956.01",2.80,"17,877.78",1,22,-0.56,-2,8
2022-03-06,"1,002,037.61",-2.59,"17,444.65",0,22,-0.56,-2,8
2022-03-07,"1,017,000.81",1.50,"17,252.37",0,23,-0.54,-2,8
2022-03-08,"1,019,138.41",0.21,"17,583.58",0,21,-0.58,-2,8
2022-03-09,"1,050,668.01",3.15,"19,059.91",0,22,-0.56,-2,8
2022-03-10,"994,021.61",-5.66,"17,904.88",0,28,-0.44,-1,8
2022-03-11,"993,754.41",-0.03,"17,589.61",0,22,-0.56,-2,8
2022-03-12,"995,090.41",0.13,"17,623.54",0,22,-0.56,-2,8
2022-03-13,"965,698.41",-2.94,"17,152.84",0,21,-0.58,-2,8
2022-03-14,"997,762.41",3.21,"18,025.64",0,23,-0.54,-2,8
2022-03-15,"993,220.01",-0.45,"17,835.90",0,21,-0.58,-2,8
2022-03-16,"1,029,826.41",3.66,"18,662.18",0,24,-0.52,-2,8
2022-03-17,"1,046,927.21",1.71,"18,560.08",0,27,-0.46,-1,8
2022-03-18,"1,061,356.01",1.44,"18,926.81",0,25,-0.5,-1,8
2022-03-19,"1,068,570.41",0.72,"19,132.39",0,28,-0.44,-1,8
2022-03-20,"1,044,255.21",-2.43,"18,711.80",0,31,-0.38,-1,8
2022-03-21,"1,058,149.61",1.39,"18,582.04",0,30,-0.4,-1,8
2022-03-22,"1,080,327.21",2.22,"19,203.98",0,26,-0.48,-1,8
2022-03-23,"1,091,282.41",1.10,"19,432.90",0,31,-0.38,-1,8
2022-03-24,"1,106,780.01",1.55,"19,937.35",0,40,-0.2,-1,8
2022-03-25,"1,096,359.21",-1.04,"20,091.61",0,47,-0.06,-1,8
2022-03-26,"1,111,055.21",1.47,"20,174.32",0,51,0.02,1,8
2022-03-27,"1,150,333.61",3.93,"21,228.80",0,49,-0.02,-1,8
2022-03-28,"1,149,532.01",-0.08,"21,359.55",0,60,0.2,1,8
2022-03-29,"1,160,220.01",1.07,"21,491.27",0,56,0.12,1,8
2022-03-30,"1,181,328.81",2.11,"21,319.72",0,55,0.1,1,8
2022-03-31,"1,146,058.41",-3.53,"20,612.15",0,52,0.04,1,8
2022-04-01,"1,196,292.01",5.02,"20,934.36",0,50,0,1,8
2022-04-02,"1,168,236.01",-2.81,"20,717.15",0,52,0.04,1,8
2022-04-03,"1,203,506.41",3.53,"20,977.86",0,48,-0.04,-1,8
2022-04-04,"1,196,024.81",-0.75,"21,060.58",0,52,0.04,1,8
2022-04-05,"1,188,276.01",-0.77,"20,575.47",0,53,0.06,1,8
2022-04-06,"1,122,544.81",-6.57,"19,537.16",0,48,-0.04,-1,8
2022-04-07,"1,165,029.61",4.25,"19,649.43",0,34,-0.32,-1,8
2022-04-08,"1,126,285.61",-3.87,"19,099.52",0,37,-0.26,-1,8
2022-04-09,"1,139,912.81",1.36,"19,320.44",0,30,-0.4,-1,8
2022-04-10,"1,117,200.81",-2.27,"19,054.31",0,34,-0.32,-1,8
2022-04-11,"1,054,408.81",-6.28,"17,870.68",0,32,-0.36,-1,8
2022-04-12,"1,105,176.81",5.08,"18,111.86",0,20,-0.6,-2,8
2022-04-13,"1,131,362.41",2.62,"18,595.05",0,25,-0.5,-1,8
2022-04-14,"1,108,116.01",-2.32,"18,050.40",0,28,-0.44,-1,8
2022-04-15,"1,115,063.21",0.69,"18,332.63",0,22,-0.56,-2,8
2022-04-16,"1,115,063.21",0.00,"18,247.17",0,28,-0.44,-1,8
2022-04-17,"1,086,472.81",-2.86,"17,935.31",0,28,-0.44,-1,8
2022-04-18,"1,113,727.21",2.73,"18,446.88",0,24,-0.52,-2,8
2022-04-19,"1,128,423.21",1.47,"18,761.36",0,27,-0.46,-1,8
2022-04-20,"1,118,002.41",-1.04,"18,704.28",0,27,-0.46,-1,8
2022-04-21,"1,081,930.41",-3.61,"18,314.07",0,27,-0.46,-1,8
2022-04-22,"1,086,472.81",0.45,"17,955.35",0,26,-0.48,-1,8
2022-04-23,"1,071,776.81",-1.47,"17,837.06",0,24,-0.52,-2,8
2022-04-24,"1,065,631.21",-0.61,"17,844.22",0,24,-0.52,-2,8
2022-04-25,"1,080,327.21",1.47,"18,283.97",0,23,-0.54,-2,8
2022-04-26,"1,031,162.41",-4.92,"17,241.69",0,27,-0.46,-1,8
2022-04-27,"1,045,591.21",1.44,"17,752.04",0,21,-0.58,-2,8
2022-04-28,"1,087,808.81",4.22,"17,976.09",0,24,-0.52,-2,8
2022-04-29,"1,050,133.61",-3.77,"17,465.81",0,23,-0.54,-2,8
2022-04-30,"1,007,648.81",-4.25,"17,034.79",0,20,-0.6,-2,8
2022-05-01,"1,041,850.41",3.42,"17,404.85",0,22,-0.56,-2,8
2022-05-02,"1,040,781.61",-0.11,"17,424.97",0,28,-0.44,-1,8
2022-03-05,"1,000,000.00",0.00,0.00,0,-1,-1,0,9
2022-05-05,"939,811.43",-6.02,"16,522.69",1,27,-0.46,-1,9
2022-05-06,"941,549.53",0.17,"16,280.41",0,22,-0.56,-2,9
2022-05-07,"907,780.73",-3.38,"16,041.33",0,23,-0.54,-2,9
2022-05-08,"883,943.93",-2.38,"15,393.44",0,18,-0.64,-2,9
2022-05-09,"735,460.53",-14.85,"13,605.93",0,11,-0.78,-2,9
2022-05-10,"792,569.53",5.71,"14,018.71",0,10,-0.8,-2,9
2022-05-11,"674,378.73",-11.82,"13,185.10",0,12,-0.76,-2,9
2022-05-12,"668,171.23",-0.62,"13,177.42",0,12,-0.76,-2,9
2022-05-13,"721,804.03",5.36,"13,282.42",0,10,-0.8,-2,9
2022-05-14,"737,446.93",1.56,"13,647.25",0,9,-0.82,-2,9
2022-05-15,"775,933.43",3.85,"14,209.01",0,10,-0.8,-2,9
2022-05-16,"738,191.83",-3.77,"13,554.05",0,14,-0.72,-2,9
2022-05-17,"760,538.83",2.23,"13,806.15",0,8,-0.84,-2,9
2022-05-18,"714,603.33",-4.59,"13,034.27",0,12,-0.76,-2,9
2022-05-19,"762,773.53",4.82,"13,761.99",0,13,-0.74,-2,9
2022-05-20,"750,606.83",-1.22,"13,249.78",0,13,-0.74,-2,9
2022-05-21,"775,933.43",2.53,"13,358.63",0,13,-0.74,-2,9
2022-05-22,"793,314.43",1.74,"13,741.86",0,14,-0.72,-2,9
2022-05-23,"787,851.83",-0.55,"13,199.63",0,10,-0.8,-2,9
2022-05-24,"815,413.13",2.76,"13,452.27",0,12,-0.76,-2,9
2022-05-25,"808,957.33",-0.65,"13,407.91",0,11,-0.78,-2,9
2022-05-26,"752,593.23",-5.64,"13,285.72",0,12,-0.76,-2,9
2022-05-27,"749,117.03",-0.35,"13,031.01",0,12,-0.76,-2,9
2022-05-28,"763,766.73",1.46,"13,204.51",0,13,-0.74,-2,9
2022-05-29,"759,545.63",-0.42,"13,405.98",0,14,-0.72,-2,9
2022-05-30,"799,273.63",3.97,"14,428.94",0,10,-0.8,-2,9
2022-05-31,"797,038.93",-0.22,"14,472.94",0,16,-0.68,-2,9
2022-06-01,"746,137.43",-5.09,"13,565.46",0,17,-0.66,-2,9
2022-06-02,"765,753.13",1.96,"13,864.54",0,13,-0.74,-2,9
2022-06-03,"741,668.03",-2.41,"13,525.47",0,10,-0.8,-2,9
2022-06-04,"748,372.13",0.67,"13,595.54",0,14,-0.72,-2,9
2022-06-05,"742,909.53",-0.55,"13,621.72",0,10,-0.8,-2,9
2022-06-06,"732,977.53",-0.99,"14,295.78",0,13,-0.74,-2,9
2022-06-07,"721,059.13",-1.19,"14,190.42",0,15,-0.7,-2,9
2022-06-08,"716,589.73",-0.45,"13,762.01",0,17,-0.66,-2,9
2022-06-09,"720,065.93",0.35,"13,717.66",0,11,-0.78,-2,9
2022-06-10,"711,375.43",-0.87,"13,266.49",0,13,-0.74,-2,9
2022-06-11,"670,405.93",-4.10,"12,984.85",0,12,-0.76,-2,9
2022-06-12,"632,912.63",-3.75,"12,138.67",0,14,-0.72,-2,9
2022-06-13,"553,953.23",-7.90,"10,270.85",0,11,-0.78,-2,9
2022-06-14,"553,953.21",0.00,"10,105.72",1,8,-0.84,-2,9
2022-06-15,"580,241.17",2.63,"10,307.47",1,7,-0.86,-2,9
2022-06-16,"522,279.30",-5.80,"9,322.46",1,7,-0.86,-2,9
2022-06-17,"536,111.15",1.38,"9,348.80",1,9,-0.82,-2,9
2022-06-18,"489,938.05",-4.62,"8,668.05",1,6,-0.88,-2,9
2022-06-19,"533,848.06",4.39,"9,389.39",1,6,-0.88,-2,9
2022-06-20,"537,166.27",0.33,"9,389.05",1,9,-0.82,-2,9
2022-06-21,"545,451.07",0.83,"9,459.15",2,9,-0.82,-2,9
2022-06-22,"531,788.63",-1.37,"9,130.74",2,11,-0.78,-2,9
2022-06-23,"563,903.22",3.21,"9,634.90",2,11,-0.78,-2,9
2022-06-24,"584,646.15",2.07,"9,674.55",2,11,-0.78,-2,9
2022-06-25,"585,626.84",0.10,"9,790.28",2,14,-0.72,-2,9
2022-06-26,"573,865.16",-1.18,"9,588.07",2,14,-0.72,-2,9
2022-06-27,"571,033.79",-0.28,"9,450.06",1,12,-0.76,-2,9
2022-06-28,"555,545.66",-1.55,"9,245.14",0,10,-0.8,-2,9
2022-06-29,"542,291.54",-1.33,"9,182.01",0,13,-0.74,-2,9
2022-06-30,"540,500.04",-0.18,"9,103.29",0,11,-0.78,-2,9
2022-07-01,"530,102.25",-1.04,"8,794.41",0,11,-0.78,-2,9
2022-07-02,"532,158.12",0.21,"8,779.75",1,14,-0.72,-2,9
2022-05-05,"1,000,000.00",0.00,0.00,0,-1,-1,0,10
2022-07-05,"1,000,000.00",0.00,"9,197.01",0,19,-0.62,-2,10
2022-07-06,"1,000,000.00",0.00,"9,366.29",0,18,-0.64,-2,10
2022-07-07,"1,042,774.73",4.28,"9,853.93",1,18,-0.64,-2,10
2022-07-08,"1,023,029.83",-1.97,"9,845.00",0,20,-0.6,-2,10
2022-07-09,"1,025,539.62",0.25,"9,842.32",1,24,-0.52,-2,10
2022-07-10,"984,567.90",-4.10,"9,511.60",1,24,-0.52,-2,10
2022-07-11,"923,977.58",-6.06,"9,106.28",0,22,-0.56,-2,10
2022-07-12,"875,293.14",-4.87,"8,821.19",0,16,-0.68,-2,10
2022-07-13,"939,638.78",6.43,"9,228.74",0,15,-0.7,-2,10
2022-07-14,"1,005,668.42",6.60,"9,376.27",0,18,-0.64,-2,10
2022-07-15,"1,037,521.28",3.19,"9,481.62",0,15,-0.7,-2,10
2022-07-16,"1,142,434.48",10.49,"9,623.85",0,21,-0.58,-2,10
2022-07-17,"1,127,952.08",-1.45,"9,440.93",0,24,-0.52,-2,10
2022-07-18,"1,332,079.83",20.41,"10,154.16",1,20,-0.6,-2,10
2022-07-19,"1,299,484.34",-3.26,"10,615.18",1,30,-0.4,-1,10
2022-07-20,"1,281,995.19",-1.75,"10,540.70",1,31,-0.38,-1,10
2022-07-21,"1,327,372.26",4.54,"10,493.74",0,34,-0.32,-1,10
2022-07-22,"1,293,532.68",-3.38,"10,283.15",0,33,-0.34,-1,10
2022-07-23,"1,304,807.47",1.13,"10,171.05",0,31,-0.38,-1,10
2022-07-24,"1,346,096.24",4.13,"10,220.54",0,30,-0.4,-1,10
2022-07-25,"1,213,935.95",-13.22,"9,661.15",0,30,-0.4,-1,10
2022-07-26,"1,220,961.83",0.70,"9,631.66",0,26,-0.48,-1,10
2022-07-27,"1,378,151.46",15.72,"10,385.27",0,28,-0.44,-1,10
2022-07-28,"1,452,918.25",7.48,"10,784.05",0,32,-0.36,-1,10
2022-07-29,"1,450,568.04",-0.24,"10,747.87",0,39,-0.22,-1,10
2022-07-30,"1,429,772.95",-2.08,"10,693.32",0,42,-0.16,-1,10
2022-07-31,"1,413,864.97",-1.59,"10,533.64",0,39,-0.22,-1,10
2022-08-01,"1,373,583.19",-4.03,"10,532.00",0,33,-0.34,-1,10
2022-08-02,"1,374,115.15",0.05,"10,399.80",0,31,-0.38,-1,10
2022-08-03,"1,363,413.96",-1.07,"10,319.25",0,34,-0.32,-1,10
2022-08-04,"1,354,861.37",-0.86,"10,225.78",0,30,-0.4,-1,10
2022-08-05,"1,463,363.34",10.85,"10,521.75",0,31,-0.38,-1,10
2022-08-06,"1,424,452.77",-3.89,"10,363.17",0,31,-0.38,-1,10
2022-08-07,"1,432,546.58",0.81,"10,462.81",0,30,-0.4,-1,10
2022-08-08,"1,497,267.96",6.47,"10,745.07",0,30,-0.4,-1,10
2022-08-09,"1,434,714.53",-6.26,"10,450.35",0,42,-0.16,-1,10
2022-08-10,"1,561,707.57",12.70,"10,795.62",0,31,-0.38,-1,10
2022-08-11,"1,584,108.58",2.24,"10,782.08",0,41,-0.18,-1,10
2022-08-12,"1,649,871.13",6.58,"10,985.33",0,42,-0.16,-1,10
2022-08-13,"1,671,139.46",2.13,"10,998.69",0,46,-0.08,-1,10
2022-08-14,"1,630,504.60",-4.06,"10,946.52",0,47,-0.06,-1,10
2022-08-15,"1,599,986.86",-3.05,"10,854.66",0,45,-0.1,-1,10
2022-08-16,"1,581,125.96",-1.89,"10,747.29",0,44,-0.12,-1,10
2022-08-17,"1,545,385.28",-3.57,"10,517.66",0,41,-0.18,-1,10
2022-08-18,"1,555,585.13",1.02,"10,446.12",0,30,-0.4,-1,10
2022-08-19,"1,355,663.58",-19.99,"9,392.10",0,33,-0.34,-1,10
2022-08-20,"1,327,914.36",-2.77,"9,541.78",0,29,-0.42,-1,10
2022-08-21,"1,363,399.72",3.55,"9,704.89",0,27,-0.46,-1,10
2022-08-22,"1,368,893.22",0.55,"9,649.50",0,29,-0.42,-1,10
2022-08-23,"1,403,202.97",3.43,"9,701.88",0,28,-0.44,-1,10
2022-08-24,"1,395,744.01",-0.75,"9,628.72",0,25,-0.5,-1,10
2022-08-25,"1,428,215.13",3.25,"9,709.19",0,25,-0.5,-1,10
2022-08-26,"1,270,765.98",-15.74,"9,134.12",0,27,-0.46,-1,10
2022-08-27,"1,256,346.68",-1.44,"9,042.44",0,28,-0.44,-1,10
2022-08-28,"1,202,202.57",-5.41,"8,829.64",0,28,-0.44,-1,10
2022-08-29,"1,307,509.79",10.53,"9,144.25",0,24,-0.52,-2,10
2022-08-30,"1,284,588.21",-2.29,"8,928.02",0,27,-0.46,-1,10
2022-08-31,"1,309,429.62",2.48,"9,034.56",0,23,-0.54,-2,10
2022-09-01,"1,336,421.88",2.70,"9,066.34",0,20,-0.6,-2,10
2022-09-02,"1,327,317.86",-0.91,"8,984.31",0,25,-0.5,-1,10
2022-07-06,"1,000,000.00",0.00,0.00,0,-1,-1,0,11
2022-09-05,"992,484.00",-0.75,"8,902.58",1,23,-0.54,-2,11
2022-09-06,"963,922.41",-2.86,"8,445.25",1,22,-0.56,-2,11
2022-09-07,"1,005,039.29",4.11,"8,662.38",1,24,-0.52,-2,11
2022-09-08,"1,008,428.86",0.34,"8,673.51",0,20,-0.6,-2,11
2022-09-09,"1,087,479.34",7.91,"9,612.72",0,22,-0.56,-2,11
2022-09-10,"1,101,071.32",1.36,"9,735.73",0,28,-0.44,-1,11
2022-09-11,"1,103,838.56",0.28,"9,821.78",0,26,-0.48,-1,11
2022-09-12,"1,118,007.41",1.42,"10,100.28",0,25,-0.5,-1,11
2022-09-13,"1,027,562.86",-9.04,"9,088.88",0,34,-0.32,-1,11
2022-09-14,"1,032,188.27",0.46,"9,099.89",0,27,-0.46,-1,11
2022-09-15,"1,003,843.38",-2.83,"8,890.07",0,28,-0.44,-1,11
2022-09-16,"1,012,956.32",0.91,"8,945.12",0,20,-0.6,-2,11
2022-09-17,"1,028,651.87",1.57,"9,082.66",0,22,-0.56,-2,11
2022-09-18,"987,697.57",-4.10,"8,786.42",0,27,-0.46,-1,11
2022-09-19,"1,000,479.33",1.28,"8,832.94",0,21,-0.58,-2,11
2022-09-20,"972,509.15",-2.80,"8,534.08",0,23,-0.54,-2,11
2022-09-21,"957,000.47",-1.55,"8,356.53",0,23,-0.54,-2,11
2022-09-22,"1,002,217.91",4.52,"8,778.97",0,22,-0.56,-2,11
2022-09-23,"1,001,345.97",-0.09,"8,725.84",0,20,-0.6,-2,11
2022-09-24,"987,092.03",-1.43,"8,554.68",0,24,-0.52,-2,11
2022-09-25,"983,718.87",-0.34,"8,506.29",0,24,-0.52,-2,11
2022-09-26,"998,599.96",1.49,"8,694.84",0,21,-0.58,-2,11
2022-09-27,"988,146.04",-1.05,"8,627.56",0,20,-0.6,-2,11
2022-09-28,"1,012,873.65",2.47,"8,780.32",0,20,-0.6,-2,11
2022-09-29,"1,022,045.34",0.92,"8,864.14",0,22,-0.56,-2,11
2022-09-30,"1,018,402.58",-0.36,"8,785.94",0,21,-0.58,-2,11
2022-10-01,"1,012,117.04",-0.63,"8,737.50",0,20,-0.6,-2,11
2022-10-02,"1,007,860.97",-0.43,"8,624.95",0,24,-0.52,-2,11
2022-10-03,"1,027,705.95",1.98,"8,883.84",0,24,-0.52,-2,11
2022-10-04,"1,063,073.21",3.54,"9,206.90",0,20,-0.6,-2,11
2022-10-05,"1,054,697.34",-0.84,"9,124.86",0,25,-0.5,-1,11
2022-10-06,"1,037,276.79",-1.74,"9,033.69",0,26,-0.48,-1,11
2022-10-07,"1,017,349.14",-1.99,"8,836.67",0,23,-0.54,-2,11
2022-10-08,"1,004,486.27",-1.29,"8,788.75",0,24,-0.52,-2,11
2022-10-09,"1,008,037.51",0.36,"8,796.55",0,22,-0.56,-2,11
2022-10-10,"988,329.40",-1.97,"8,660.78",0,22,-0.56,-2,11
2022-10-11,"986,126.45",-0.22,"8,629.11",0,24,-0.52,-2,11
2022-10-12,"988,016.00",0.19,"8,671.12",0,20,-0.6,-2,11
2022-10-13,"995,394.44",0.74,"8,775.94",0,20,-0.6,-2,11
2022-10-14,"986,161.59",-0.92,"8,681.19",0,24,-0.52,-2,11
2022-10-15,"981,141.63",-0.50,"8,635.47",0,24,-0.52,-2,11
2022-10-16,"993,689.80",1.25,"8,718.83",0,24,-0.52,-2,11
2022-10-17,"1,006,915.29",1.32,"8,847.62",0,20,-0.6,-2,11
2022-10-18,"996,503.04",-1.04,"8,748.00",0,22,-0.56,-2,11
2022-10-19,"988,925.78",-0.76,"8,658.00",0,23,-0.54,-2,11
2022-10-20,"981,675.14",-0.73,"8,620.68",0,23,-0.54,-2,11
2022-10-21,"986,953.98",0.53,"8,674.34",0,23,-0.54,-2,11
2022-10-22,"988,580.45",0.16,"8,690.11",0,20,-0.6,-2,11
2022-10-23,"1,008,154.38",1.96,"8,850.13",0,23,-0.54,-2,11
2022-10-24,"998,208.72",-0.99,"8,741.73",0,22,-0.56,-2,11
2022-10-25,"1,036,069.20",3.79,"9,067.49",0,20,-0.6,-2,11
2022-10-26,"1,065,532.65",2.95,"9,368.78",0,33,-0.34,-1,11
2022-10-27,"1,046,272.08",-1.93,"9,156.49",0,32,-0.36,-1,11
2022-10-28,"1,073,069.10",2.68,"9,284.67",0,30,-0.4,-1,11
2022-10-29,"1,089,915.13",1.68,"9,371.69",0,34,-0.32,-1,11
2022-10-30,"1,099,679.75",0.98,"9,289.76",0,34,-0.32,-1,11
2022-10-31,"1,115,820.83",1.61,"9,226.03",0,31,-0.38,-1,11
2022-11-01,"1,112,665.05",-0.32,"9,221.91",0,30,-0.4,-1,11
2022-11-02,"1,097,181.21",-1.55,"9,079.51",0,30,-0.4,-1,11
2022-09-05,"1,000,000.00",0.00,0.00,0,-1,-1,0,12
2022-11-05,"990,333.30",-0.97,"9,589.03",1,38,-0.24,-1,12
2022-11-06,"963,683.43",-2.66,"9,419.09",1,40,-0.2,-1,12
2022-11-07,"961,100.26",-0.26,"9,271.35",1,33,-0.34,-1,12
2022-11-08,"933,724.81",-2.74,"8,361.59",0,31,-0.38,-1,12
2022-11-09,"762,343.12",-17.14,"7,191.26",0,29,-0.42,-1,12
2022-11-10,"866,997.17",10.47,"7,929.78",0,22,-0.56,-2,12
2022-11-11,"828,215.29",-3.88,"7,685.51",0,25,-0.5,-1,12
2022-11-12,"806,543.06",-2.17,"7,572.75",0,21,-0.58,-2,12
2022-11-13,"788,292.76",-1.83,"7,355.04",0,22,-0.56,-2,12
2022-11-14,"795,706.95",0.74,"7,486.04",0,24,-0.52,-2,12
2022-11-15,"790,003.73",-0.57,"7,616.76",0,22,-0.56,-2,12
2022-11-16,"775,175.36",-1.48,"7,514.08",0,23,-0.54,-2,12
2022-11-17,"764,054.09",-1.11,"7,532.49",0,20,-0.6,-2,12
2022-11-18,"781,734.06",1.77,"7,532.00",0,23,-0.54,-2,12
2022-11-19,"777,456.65",-0.43,"7,531.41",0,23,-0.54,-2,12
2022-11-20,"753,503.14",-2.40,"7,351.82",0,24,-0.52,-2,12
2022-11-21,"724,131.57",-2.94,"7,127.05",0,21,-0.58,-2,12
2022-11-22,"760,632.16",3.65,"7,326.66",0,22,-0.56,-2,12
2022-11-23,"852,168.80",9.15,"7,485.90",0,22,-0.56,-2,12
2022-11-24,"856,161.05",0.40,"7,479.44",0,20,-0.6,-2,12
2022-11-25,"857,872.02",0.17,"7,444.08",0,20,-0.6,-2,12
2022-11-26,"888,099.07",3.02,"7,410.08",0,22,-0.56,-2,12
2022-11-27,"877,262.96",-1.08,"7,399.55",0,26,-0.48,-1,12
2022-11-28,"837,055.27",-4.02,"7,307.14",0,28,-0.44,-1,12
2022-11-29,"842,473.33",0.54,"7,404.28",0,26,-0.48,-1,12
2022-11-30,"857,301.70",1.48,"7,725.72",0,29,-0.42,-1,12
2022-12-01,"833,633.34",-2.37,"7,644.03",0,27,-0.46,-1,12
2022-12-02,"836,770.11",0.31,"7,693.95",0,27,-0.46,-1,12
2022-12-03,"828,215.29",-0.86,"7,608.81",0,27,-0.46,-1,12
2022-12-04,"832,207.54",0.40,"7,703.92",0,26,-0.48,-1,12
2022-12-05,"822,512.07",-0.97,"7,643.48",0,26,-0.48,-1,12
2022-12-06,"827,644.97",0.51,"7,698.19",0,25,-0.5,-1,12
2022-12-07,"810,535.31",-1.71,"7,589.54",0,29,-0.42,-1,12
2022-12-08,"828,215.29",1.77,"7,759.86",0,25,-0.5,-1,12
2022-12-09,"815,668.21",-1.25,"7,719.67",0,26,-0.48,-1,12
2022-12-10,"821,941.75",0.63,"7,717.90",0,27,-0.46,-1,12
2022-12-11,"811,105.63",-1.08,"7,699.61",0,26,-0.48,-1,12
2022-12-12,"787,437.28",-2.37,"7,757.83",0,27,-0.46,-1,12
2022-12-13,"776,316.01",-1.11,"8,015.06",0,27,-0.46,-1,12
2022-12-14,"763,483.77",-1.28,"8,032.44",0,30,-0.4,-1,12
2022-12-15,"738,104.45",-2.54,"7,833.14",0,31,-0.38,-1,12
2022-12-16,"659,400.05",-7.87,"7,520.64",0,29,-0.42,-1,12
2022-12-17,"690,482.58",3.11,"7,581.47",0,28,-0.44,-1,12
2022-12-18,"715,861.90",2.54,"7,562.04",0,26,-0.48,-1,12
2022-12-19,"685,634.85",-3.02,"7,427.10",0,29,-0.42,-1,12
2022-12-20,"717,002.54",3.14,"7,628.74",0,29,-0.42,-1,12
2022-12-21,"702,174.18",-1.48,"7,597.38",0,26,-0.48,-1,12
2022-12-22,"701,033.53",-0.11,"7,595.12",0,28,-0.44,-1,12
2022-12-23,"702,174.18",0.11,"7,574.32",0,27,-0.46,-1,12
2022-12-24,"697,326.44",-0.48,"7,601.79",0,29,-0.42,-1,12
2022-12-25,"693,619.35",-0.37,"7,600.64",0,29,-0.42,-1,12
2022-12-26,"696,756.12",0.31,"7,639.39",0,28,-0.44,-1,12
2022-12-27,"703,599.98",0.68,"7,542.03",0,27,-0.46,-1,12
2022-12-28,"697,326.44",-0.63,"7,472.31",0,28,-0.44,-1,12
2022-12-29,"702,459.34",0.51,"7,510.19",0,28,-0.44,-1,12
2022-12-30,"701,033.53",-0.14,"7,498.19",0,28,-0.44,-1,12
2022-12-31,"702,459.34",0.14,"7,468.25",0,25,-0.5,-1,12
2023-01-01,"697,041.28",-0.54,"7,502.84",0,26,-0.48,-1,12
2023-01-02,"699,322.57",0.23,"7,526.13",0,27,-0.46,-1,12
2022-11-05,"1,000,000.00",0.00,0.00,0,-1,-1,0,13
2023-01-05,"997,989.89",-0.20,"7,590.05",1,29,-0.42,-1,13
2023-01-06,"1,002,476.94",0.45,"7,641.33",3,26,-0.48,-1,13
2023-01-07,"1,002,044.80",-0.04,"7,638.72",2,25,-0.5,-1,13
2023-01-08,"1,012,839.65",1.08,"7,716.39",2,25,-0.5,-1,13
2023-01-09,"1,015,672.22",0.28,"7,734.28",2,25,-0.5,-1,13
2023-01-10,"1,030,817.55",1.51,"7,853.38",3,26,-0.48,-1,13
2023-01-11,"1,060,671.50",2.99,"8,076.52",2,26,-0.48,-1,13
2023-01-12,"1,110,896.18",5.02,"8,495.33",2,30,-0.4,-1,13
2023-01-13,"1,170,909.98",6.00,"8,996.24",3,31,-0.38,-1,13
2023-01-14,"1,227,224.42",5.63,"9,454.68",3,46,-0.08,-1,13
2023-01-15,"1,222,598.88",-0.46,"9,415.60",2,52,0.04,1,13
2023-01-16,"1,241,016.02",1.84,"9,559.10",2,45,-0.1,-1,13
2023-01-17,"1,237,737.73",-0.33,"9,537.49",0,51,0.02,1,13
2023-01-18,"1,210,130.56",-2.76,"9,337.03",1,52,0.04,1,13
2023-01-19,"1,233,625.42",2.35,"9,512.05",1,45,-0.1,-1,13
2023-01-20,"1,326,557.65",9.29,"10,237.52",1,51,0.02,1,13
2023-01-21,"1,331,742.90",0.52,"10,300.66",1,53,0.06,1,13
2023-01-22,"1,327,571.63",-0.42,"10,263.84",1,53,0.06,1,13
2023-01-23,"1,339,117.20",1.15,"10,361.73",1,50,0,1,13
2023-01-24,"1,320,537.21",-1.86,"10,244.55",0,52,0.04,1,13
2023-01-25,"1,346,574.90",2.60,"10,432.37",0,51,0.02,1,13
2023-01-26,"1,343,283.62",-0.33,"10,411.11",0,54,0.08,1,13
2023-01-27,"1,346,740.70",0.35,"10,441.39",0,55,0.1,1,13
2023-01-28,"1,342,848.82",-0.39,"10,423.08",0,52,0.04,1,13
2023-01-29,"1,385,767.79",4.29,"10,743.48",0,55,0.1,1,13
2023-01-30,"1,331,707.04",-5.41,"10,331.58",0,61,0.22,1,13
2023-01-31,"1,349,095.80",1.74,"10,467.00",0,51,0.02,1,13
2023-02-01,"1,385,110.02",3.60,"10,739.64",0,56,0.12,1,13
2023-02-02,"1,371,658.21",-1.35,"10,622.93",0,60,0.2,1,13
2023-02-03,"1,369,341.20",-0.23,"10,589.46",0,60,0.2,1,13
2023-02-04,"1,363,613.71",-0.57,"10,539.85",0,58,0.16,1,13
2023-02-05,"1,340,231.34",-2.34,"10,363.07",0,58,0.16,1,13
2023-02-06,"1,330,165.24",-1.01,"10,286.91",0,56,0.12,1,13
2023-02-07,"1,359,012.85",2.88,"10,497.53",0,54,0.08,1,13
2023-02-08,"1,342,760.44",-1.63,"10,372.55",0,58,0.16,1,13
2023-02-09,"1,273,677.34",-6.91,"9,851.48",0,55,0.1,1,13
2023-02-10,"1,262,878.48",-1.08,"9,777.93",0,48,-0.04,-1,13
2023-02-11,"1,277,097.07",1.42,"9,883.04",0,49,-0.02,-1,13
2023-02-12,"1,271,770.71",-0.53,"9,850.37",0,50,0,1,13
2023-02-13,"1,270,782.43",-0.10,"9,852.60",0,48,-0.04,-1,13
2023-02-14,"1,296,460.24",2.57,"10,041.78",0,50,0,1,13
2023-02-15,"1,419,285.07",12.28,"11,010.83",0,53,0.06,1,13
2023-02-16,"1,372,968.96",-4.63,"10,642.50",0,62,0.24,1,13
2023-02-17,"1,433,683.05",6.07,"11,123.67",0,61,0.22,1,13
2023-02-18,"1,437,049.22",0.34,"11,152.43",0,60,0.2,1,13
2023-02-19,"1,416,550.65",-2.05,"10,986.68",0,60,0.2,1,13
2023-02-20,"1,449,187.41",3.26,"11,249.20",0,58,0.16,1,13
2023-02-21,"1,425,769.88",-2.34,"11,075.91",0,60,0.2,1,13
2023-02-22,"1,410,116.54",-1.57,"10,952.16",0,59,0.18,1,13
2023-02-23,"1,396,955.30",-1.32,"10,837.68",0,56,0.12,1,13
2023-02-24,"1,353,296.89",-4.37,"10,492.98",0,53,0.06,1,13
2023-02-25,"1,351,201.24",-0.21,"10,482.51",0,52,0.04,1,13
2023-02-26,"1,375,189.03",2.40,"10,658.12",0,51,0.02,1,13
2023-02-27,"1,371,370.75",-0.38,"10,631.33",0,50,0,1,13
2023-02-28,"1,350,762.42",-2.06,"10,473.18",0,53,0.06,1,13
2023-03-01,"1,380,235.81",2.95,"10,689.44",0,50,0,1,13
2023-03-02,"1,370,441.23",-0.98,"10,616.86",0,51,0.02,1,13
2023-01-03,"1,000,000.00",0.00,0.00,0,-1,-1,0,14
2023-03-05,"998,710.62",-0.13,"10,150.27",1,47,-0.06,-1,14
2023-03-06,"999,369.50",0.07,"10,140.70",2,48,-0.04,-1,14
2023-03-07,"996,365.24",-0.30,"10,041.32",1,49,-0.02,-1,14
2023-03-08,"977,265.58",-1.91,"9,816.36",0,50,0,1,14
2023-03-09,"916,696.23",-6.06,"9,206.94",0,44,-0.12,-1,14
2023-03-10,"909,572.01",-0.71,"9,109.61",0,34,-0.32,-1,14
2023-03-11,"937,386.27",2.78,"9,243.83",0,33,-0.34,-1,14
2023-03-12,"1,006,468.70",6.91,"9,943.15",0,33,-0.34,-1,14
2023-03-13,"1,068,609.07",6.21,"10,914.44",0,49,-0.02,-1,14
2023-03-14,"1,085,787.69",1.72,"11,170.94",0,56,0.12,1,14
2023-03-15,"1,055,382.42",-3.04,"11,000.96",0,50,0,1,14
2023-03-16,"1,071,930.16",1.65,"11,325.70",0,52,0.04,1,14
2023-03-17,"1,148,165.77",7.62,"12,426.69",0,51,0.02,1,14
2023-03-18,"1,128,554.64",-1.96,"12,205.66",0,64,0.28,1,14
2023-03-19,"1,145,093.75",1.65,"12,701.15",0,63,0.26,1,14
2023-03-20,"1,116,027.36",-2.91,"12,592.12",0,66,0.32,1,14
2023-03-21,"1,157,621.90",4.16,"12,759.73",0,68,0.36,1,14
2023-03-22,"1,115,276.70",-4.23,"12,375.22",0,62,0.24,1,14
2023-03-23,"1,165,636.07",5.04,"12,847.73",0,57,0.14,1,14
2023-03-24,"1,124,943.35",-4.07,"12,467.49",0,61,0.22,1,14
2023-03-25,"1,120,452.50",-0.45,"12,473.07",0,64,0.28,1,14
2023-03-26,"1,141,038.39",2.06,"12,702.42",0,64,0.28,1,14
2023-03-27,"1,103,553.76",-3.75,"12,322.66",0,64,0.28,1,14
2023-03-28,"1,138,003.27",3.44,"12,373.63",0,59,0.18,1,14
2023-03-29,"1,153,557.82",1.56,"12,881.25",0,57,0.14,1,14
2023-03-30,"1,152,786.52",-0.08,"12,729.73",0,60,0.2,1,14
2023-03-31,"1,170,703.96",1.79,"12,929.27",0,63,0.26,1,14
2023-04-01,"1,170,221.23",-0.05,"12,923.99",0,61,0.22,1,14
2023-04-02,"1,153,795.86",-1.64,"12,797.72",0,63,0.26,1,14
2023-04-03,"1,161,898.32",0.81,"12,620.42",0,63,0.26,1,14
2023-04-04,"1,198,363.44",3.65,"12,779.09",0,62,0.24,1,14
2023-04-05,"1,220,925.95",2.26,"12,772.21",0,62,0.24,1,14
2023-04-06,"1,199,117.02",-2.18,"12,716.29",0,63,0.26,1,14
2023-04-07,"1,193,558.41",-0.56,"12,658.64",0,64,0.28,1,14
2023-04-08,"1,184,908.89",-0.86,"12,676.89",0,61,0.22,1,14
2023-04-09,"1,192,186.22",0.73,"12,855.57",0,61,0.22,1,14
2023-04-10,"1,226,890.25",3.47,"13,461.56",0,62,0.24,1,14
2023-04-11,"1,216,888.98",-1.00,"13,730.13",0,68,0.36,1,14
2023-04-12,"1,231,988.33",1.51,"13,577.71",0,65,0.3,1,14
2023-04-13,"1,289,319.93",5.73,"13,784.82",0,61,0.22,1,14
2023-04-14,"1,341,391.97",5.21,"13,808.70",0,68,0.36,1,14
2023-04-15,"1,335,299.53",-0.61,"13,728.76",0,68,0.36,1,14
2023-04-16,"1,351,910.54",1.66,"13,723.48",0,68,0.36,1,14
2023-04-17,"1,322,595.65",-2.93,"13,323.40",0,69,0.38,1,14
2023-04-18,"1,343,227.43",2.06,"13,763.38",0,58,0.16,1,14
2023-04-19,"1,237,851.14",-10.54,"13,059.89",0,63,0.26,1,14
2023-04-20,"1,241,362.39",0.35,"12,798.45",0,52,0.04,1,14
2023-04-21,"1,182,612.33",-5.88,"12,356.10",0,50,0,1,14
2023-04-22,"1,199,498.25",1.69,"12,608.67",0,53,0.06,1,14
2023-04-23,"1,191,561.72",-0.79,"12,505.15",0,56,0.12,1,14
2023-04-24,"1,179,436.17",-1.21,"12,471.84",0,53,0.06,1,14
2023-04-25,"1,196,456.81",1.70,"12,836.67",0,53,0.06,1,14
2023-04-26,"1,196,759.23",0.03,"12,892.60",0,56,0.12,1,14
2023-04-27,"1,225,491.74",2.87,"13,381.23",0,59,0.18,1,14
2023-04-28,"1,214,472.27",-1.10,"13,310.96",0,64,0.28,1,14
2023-04-29,"1,224,094.78",0.96,"13,269.63",0,64,0.28,1,14
2023-04-30,"1,202,009.58",-2.21,"13,275.09",0,60,0.2,1,14
2023-05-01,"1,174,809.65",-2.72,"12,737.34",0,63,0.26,1,14
2023-05-02,"1,199,983.54",2.52,"13,013.91",0,55,0.1,1,14
2023-03-05,"1,000,000.00",0.00,0.00,0,-1,-1,0,15
2023-05-05,"1,034,700.70",3.47,"13,379.61",3,61,0.22,1,15
2023-05-06,"1,002,143.50",-3.26,"13,092.12",1,60,0.2,1,15
2023-05-07,"993,335.58",-0.88,"12,901.08",2,64,0.28,1,15
2023-05-08,"975,816.71",-1.75,"12,549.39",2,60,0.2,1,15
2023-05-09,"973,174.01",-0.26,"12,530.97",2,51,0.02,1,15
2023-05-10,"974,770.71",0.16,"12,517.73",3,52,0.04,1,15
2023-05-11,"951,951.16",-2.28,"12,232.80",1,52,0.04,1,15
2023-05-12,"956,335.71",0.44,"12,147.98",2,49,-0.02,-1,15
2023-05-13,"956,232.01",-0.01,"12,140.78",2,48,-0.04,-1,15
2023-05-14,"959,393.48",0.32,"12,206.55",2,48,-0.04,-1,15
2023-05-15,"965,423.32",0.60,"12,317.69",3,50,0,1,15
2023-05-16,"965,075.29",-0.03,"12,256.08",3,54,0.08,1,15
2023-05-17,"968,613.01",0.35,"12,430.82",3,50,0,1,15
2023-05-18,"954,025.25",-1.46,"12,161.62",3,51,0.02,1,15
2023-05-19,"956,035.16",0.20,"12,186.97",2,48,-0.04,-1,15
2023-05-20,"960,686.03",0.47,"12,289.60",3,48,-0.04,-1,15
2023-05-21,"952,000.20",-0.87,"12,126.82",3,52,0.04,1,15
2023-05-22,"957,402.46",0.54,"12,171.27",3,49,-0.02,-1,15
2023-05-23,"971,002.26",1.36,"12,336.59",3,50,0,1,15
2023-05-24,"946,318.98",-2.47,"11,930.85",1,50,0,1,15
2023-05-25,"944,043.34",-0.23,"11,998.17",2,51,0.02,1,15
2023-05-26,"951,016.92",0.70,"12,102.10",2,49,-0.02,-1,15
2023-05-27,"953,302.97",0.23,"12,171.34",2,48,-0.04,-1,15
2023-05-28,"978,611.41",2.53,"12,722.73",3,50,0,1,15
2023-05-29,"970,207.89",-0.84,"12,572.11",2,52,0.04,1,15
2023-05-30,"969,654.14",-0.06,"12,550.65",1,51,0.02,1,15
2023-05-31,"954,953.39",-1.47,"12,329.75",2,51,0.02,1,15
2023-06-01,"947,115.44",-0.78,"12,148.04",2,52,0.04,1,15
2023-06-02,"955,979.27",0.89,"12,337.76",2,50,0,1,15
2023-06-03,"952,837.03",-0.31,"12,259.42",2,53,0.06,1,15
2023-06-04,"950,395.89",-0.24,"12,281.92",3,52,0.04,1,15
2023-06-05,"876,690.28",-7.37,"11,653.22",2,53,0.06,1,15
2023-06-06,"901,825.19",2.51,"12,343.26",3,44,-0.12,-1,15
2023-06-07,"847,380.73",-5.44,"11,940.81",1,53,0.06,1,15
2023-06-08,"854,319.86",0.69,"12,012.20",2,50,0,1,15
2023-06-09,"851,497.24",-0.28,"12,003.92",2,50,0,1,15
2023-06-10,"806,455.87",-4.50,"11,728.83",2,49,-0.02,-1,15
2023-06-11,"802,983.19",-0.35,"11,769.12",2,47,-0.06,-1,15
2023-06-12,"801,952.47",-0.10,"11,762.77",3,47,-0.06,-1,15
2023-06-13,"802,602.22",0.06,"11,773.66",2,45,-0.1,-1,15
2023-06-14,"783,306.21",-1.93,"11,415.12",2,46,-0.08,-1,15
2023-06-15,"796,111.96",1.28,"11,633.29",3,41,-0.18,-1,15
2023-06-16,"816,758.57",2.06,"11,973.06",2,47,-0.06,-1,15
2023-06-17,"821,984.05",0.52,"12,050.59",2,47,-0.06,-1,15
2023-06-18,"816,809.41",-0.52,"11,968.81",0,49,-0.02,-1,15
2023-06-19,"831,345.14",1.45,"12,203.06",0,47,-0.06,-1,15
2023-06-20,"874,038.56",4.27,"12,879.19",0,49,-0.02,-1,15
2023-06-21,"925,392.29",5.14,"13,651.78",0,59,0.18,1,15
2023-06-22,"921,378.07",-0.40,"13,606.20",0,65,0.3,1,15
2023-06-23,"944,207.29",2.28,"13,979.22",0,65,0.3,1,15
2023-06-24,"938,746.61",-0.55,"13,909.21",1,62,0.24,1,15
2023-06-25,"938,543.97",-0.02,"13,872.96",1,64,0.28,1,15
2023-06-26,"930,776.77",-0.78,"13,790.58",0,55,0.1,1,15
2023-06-27,"944,101.27",1.33,"13,983.47",0,59,0.18,1,15
2023-06-28,"923,689.22",-2.04,"13,708.93",0,62,0.24,1,15
2023-06-29,"935,127.50",1.14,"13,877.29",0,54,0.08,1,15
2023-06-30,"941,040.63",0.59,"13,869.44",0,56,0.12,1,15
2023-07-01,"943,492.28",0.25,"13,923.13",0,59,0.18,1,15
2023-07-02,"945,158.82",0.17,"13,935.35",0,63,0.26,1,15
2023-05-05,"1,000,000.00",0.00,0.00,0,-1,-1,0,16
2023-07-05,"985,057.22",-1.49,"13,890.29",1,61,0.22,1,16
2023-07-06,"957,433.12",-2.76,"13,618.91",0,56,0.12,1,16
2023-07-07,"971,451.32",1.40,"13,824.25",0,55,0.1,1,16
2023-07-08,"974,337.42",0.29,"13,797.01",0,58,0.16,1,16
2023-07-09,"965,266.82",-0.91,"13,739.75",0,55,0.1,1,16
2023-07-10,"1,015,155.12",4.99,"13,850.98",0,56,0.12,1,16
2023-07-11,"1,025,050.32",0.99,"13,949.96",0,57,0.14,1,16
2023-07-12,"1,005,672.22",-1.94,"13,838.56",0,64,0.28,1,16
2023-07-13,"1,055,972.82",5.03,"14,312.65",0,57,0.14,1,16
2023-07-14,"1,022,988.82",-3.30,"13,791.25",0,60,0.2,1,16
2023-07-15,"1,035,357.82",1.24,"13,781.28",0,56,0.12,1,16
2023-07-16,"999,075.42",-3.63,"13,758.44",0,57,0.14,1,16
2023-07-17,"1,006,496.82",0.74,"13,716.08",0,54,0.08,1,16
2023-07-18,"990,417.12",-1.61,"13,588.78",0,56,0.12,1,16
2023-07-19,"992,890.92",0.25,"13,614.06",0,50,0,1,16
2023-07-20,"1,001,136.92",0.82,"13,561.49",0,56,0.12,1,16
2023-07-21,"1,004,847.62",0.37,"13,609.12",0,50,0,1,16
2023-07-22,"994,127.82",-1.07,"13,564.50",0,52,0.04,1,16
2023-07-23,"999,900.02",0.58,"13,695.78",0,54,0.08,1,16
2023-07-24,"985,057.22",-1.48,"13,277.88",0,55,0.1,1,16
2023-07-25,"980,109.62",-0.49,"13,301.21",0,50,0,1,16
2023-07-26,"985,469.52",0.54,"13,355.73",0,51,0.02,1,16
2023-07-27,"992,066.32",0.66,"13,296.80",0,51,0.02,1,16
2023-07-28,"997,426.22",0.54,"13,336.71",0,52,0.04,1,16
2023-07-29,"999,487.72",0.21,"13,353.48",0,52,0.04,1,16
2023-07-30,"999,900.02",0.04,"13,323.66",0,52,0.04,1,16
2023-07-31,"993,715.52",-0.62,"13,302.27",0,50,0,1,16
2023-08-01,"1,021,339.62",2.76,"13,519.87",0,53,0.06,1,16
2023-08-02,"992,478.62",-2.89,"13,284.07",0,53,0.06,1,16
2023-08-03,"994,127.82",0.16,"13,288.44",0,52,0.04,1,16
2023-08-04,"996,601.62",0.25,"13,251.99",0,54,0.08,1,16
2023-08-05,"1,002,786.12",0.62,"13,230.55",0,50,0,1,16
2023-08-06,"1,002,786.12",0.00,"13,239.55",0,49,-0.02,-1,16
2023-08-07,"998,250.82",-0.45,"13,297.83",0,49,-0.02,-1,16
2023-08-08,"1,011,032.12",1.28,"13,554.55",0,54,0.08,1,16
2023-08-09,"1,005,259.92",-0.58,"13,466.39",0,50,0,1,16
2023-08-10,"995,777.02",-0.95,"13,408.16",0,53,0.06,1,16
2023-08-11,"988,355.62",-0.74,"13,395.41",0,51,0.02,1,16
2023-08-12,"990,829.42",0.25,"13,396.97",0,54,0.08,1,16
2023-08-13,"990,417.12",-0.04,"13,339.50",0,54,0.08,1,16
2023-08-14,"991,241.72",0.08,"13,398.26",0,50,0,1,16
2023-08-15,"975,986.62",-1.53,"13,294.03",0,53,0.06,1,16
2023-08-16,"956,608.52",-1.94,"13,078.74",0,52,0.04,1,16
2023-08-17,"899,298.82",-5.73,"12,117.39",0,50,0,1,16
2023-08-18,"891,052.82",-0.82,"11,854.10",0,37,-0.26,-1,16
2023-08-19,"893,938.92",0.29,"11,873.84",0,39,-0.22,-1,16
2023-08-20,"892,702.02",-0.12,"11,912.93",0,37,-0.26,-1,16
2023-08-21,"867,551.72",-2.52,"11,888.60",0,38,-0.24,-1,16
2023-08-22,"869,613.22",0.21,"11,862.09",0,37,-0.26,-1,16
2023-08-23,"893,114.32",2.35,"12,028.40",0,37,-0.26,-1,16
2023-08-24,"903,009.52",0.99,"11,912.79",0,41,-0.18,-1,16
2023-08-25,"900,535.72",-0.25,"11,858.01",0,39,-0.22,-1,16
2023-08-26,"892,702.02",-0.78,"11,839.88",0,38,-0.24,-1,16
2023-08-27,"900,535.72",0.78,"11,876.70",0,38,-0.24,-1,16
2023-08-28,"902,184.92",0.16,"11,886.31",0,39,-0.22,-1,16
2023-08-29,"935,581.22",3.34,"12,619.42",0,39,-0.22,-1,16
2023-08-30,"922,799.92",-1.28,"12,429.38",0,49,-0.02,-1,16
2023-08-31,"893,526.62",-2.93,"11,804.04",0,52,0.04,1,16
2023-09-01,"881,157.62",-1.24,"11,744.48",0,40,-0.2,-1,16
2023-09-02,"884,043.72",0.29,"11,772.95",0,39,-0.22,-1,16
2023-07-06,"1,000,000.00",0.00,0.00,0,-1,-1,0,17
2023-09-05,"997,112.42",-0.29,"11,737.01",1,40,-0.2,-1,17
2023-09-06,"999,900.02",0.28,"11,722.00",0,42,-0.16,-1,17
2023-09-07,"1,008,727.42",0.88,"11,951.38",0,41,-0.18,-1,17
2023-09-08,"997,577.02",-1.12,"11,792.30",0,46,-0.08,-1,17
2023-09-09,"994,789.42",-0.28,"11,788.46",0,41,-0.18,-1,17
2023-09-10,"986,891.22",-0.79,"11,764.55",0,40,-0.2,-1,17
2023-09-11,"957,621.42",-2.93,"11,460.55",0,40,-0.2,-1,17
2023-09-12,"978,993.02",2.14,"11,769.55",0,30,-0.4,-1,17
2023-09-13,"987,355.82",0.84,"11,945.75",0,41,-0.18,-1,17
2023-09-14,"985,962.02",-0.14,"12,083.36",0,45,-0.1,-1,17
2023-09-15,"994,789.42",0.88,"12,116.06",0,45,-0.1,-1,17
2023-09-16,"998,506.22",0.37,"12,098.35",0,43,-0.14,-1,17
2023-09-17,"1,005,939.82",0.74,"12,085.37",0,46,-0.08,-1,17
2023-09-18,"1,003,616.82",-0.23,"12,193.09",0,46,-0.08,-1,17
2023-09-19,"1,009,192.02",0.56,"12,402.23",0,46,-0.08,-1,17
2023-09-20,"996,183.22",-1.30,"12,367.31",0,47,-0.06,-1,17
2023-09-21,"979,457.62",-1.67,"12,114.27",0,47,-0.06,-1,17
2023-09-22,"980,851.42",0.14,"12,117.89",0,43,-0.14,-1,17
2023-09-23,"978,063.82",-0.28,"12,115.91",0,47,-0.06,-1,17
2023-09-24,"967,842.62",-1.02,"11,965.06",0,44,-0.12,-1,17
2023-09-25,"975,276.22",0.74,"11,989.57",0,47,-0.06,-1,17
2023-09-26,"987,820.42",1.25,"11,948.51",0,46,-0.08,-1,17
2023-09-27,"985,032.82",-0.28,"12,018.91",0,44,-0.12,-1,17
2023-09-28,"998,970.82",1.39,"12,311.72",0,46,-0.08,-1,17
2023-09-29,"999,900.02",0.09,"12,254.67",0,48,-0.04,-1,17
2023-09-30,"997,112.42",-0.28,"12,280.26",0,47,-0.06,-1,17
2023-10-01,"1,013,838.02",1.67,"12,750.76",0,48,-0.04,-1,17
2023-10-02,"997,112.42",-1.67,"12,532.57",0,50,0,1,17
2023-10-03,"992,001.82",-0.51,"12,502.00",0,50,0,1,17
2023-10-04,"991,537.22",-0.05,"12,670.06",0,49,-0.02,-1,17
2023-10-05,"978,528.42",-1.30,"12,504.93",0,48,-0.04,-1,17
2023-10-06,"991,537.22",1.30,"12,742.22",0,50,0,1,17
2023-10-07,"986,426.62",-0.51,"12,757.03",0,49,-0.02,-1,17
2023-10-08,"982,245.22",-0.42,"12,738.76",0,50,0,1,17
2023-10-09,"956,227.62",-2.60,"12,597.66",0,50,0,1,17
2023-10-10,"969,236.42",1.30,"12,505.48",0,50,0,1,17
2023-10-11,"959,944.42",-0.93,"12,263.81",0,47,-0.06,-1,17
2023-10-12,"952,975.42",-0.70,"12,215.53",0,45,-0.1,-1,17
2023-10-13,"957,621.42",0.46,"12,260.76",0,44,-0.12,-1,17
2023-10-14,"959,479.82",0.19,"12,255.58",0,47,-0.06,-1,17
2023-10-15,"974,347.02",1.49,"12,396.22",0,45,-0.1,-1,17
2023-10-16,"997,112.42",2.28,"13,020.11",0,47,-0.06,-1,17
2023-10-17,"982,245.22",-1.49,"12,979.03",0,52,0.04,1,17
2023-10-18,"976,670.02",-0.56,"12,943.92",0,50,0,1,17
2023-10-19,"981,316.02",0.46,"13,128.41",0,52,0.04,1,17
2023-10-20,"985,497.42",0.42,"13,569.99",0,53,0.06,1,17
2023-10-21,"995,254.02",0.98,"13,677.38",0,63,0.26,1,17
2023-10-22,"1,011,979.62",1.67,"13,707.82",0,53,0.06,1,17
2023-10-23,"1,061,691.82",4.97,"15,132.38",0,53,0.06,1,17
2023-10-24,"1,046,360.02",-1.53,"15,530.58",0,66,0.32,1,17
2023-10-25,"1,031,957.42",-1.44,"15,800.93",0,72,0.44,1,17
2023-10-26,"1,037,068.02",0.51,"15,634.89",0,71,0.42,1,17
2023-10-27,"1,041,249.42",0.42,"15,517.62",0,70,0.4,1,17
2023-10-28,"1,048,683.02",0.74,"15,606.93",0,65,0.3,1,17
2023-10-29,"1,055,187.42",0.65,"15,811.98",0,72,0.44,1,17
2023-10-30,"1,059,368.82",0.42,"15,784.61",0,68,0.36,1,17
2023-10-31,"1,051,006.02",-0.84,"15,861.57",0,66,0.32,1,17
2023-11-01,"1,058,904.22",0.79,"16,222.24",0,66,0.32,1,17
2023-11-02,"1,077,488.22",1.86,"16,005.33",0,72,0.44,1,17
2023-09-05,"1,000,000.00",0.00,0.00,0,-1,-1,0,18
2023-11-05,"998,820.37",-0.12,"16,015.50",2,70,0.4,1,18
2023-11-06,"999,863.64",0.10,"16,026.79",1,74,0.48,1,18
2023-11-07,"1,009,607.36",0.97,"16,198.74",1,68,0.36,1,18
2023-11-08,"1,015,949.81",0.63,"16,304.25",0,66,0.32,1,18
2023-11-09,"1,048,186.97",3.22,"16,759.15",0,69,0.38,1,18
2023-11-10,"1,064,609.69",1.64,"17,051.59",0,70,0.4,1,18
2023-11-11,"1,059,584.38",-0.50,"16,975.98",1,70,0.4,1,18
2023-11-12,"1,057,653.93",-0.19,"16,947.84",1,73,0.46,1,18
2023-11-13,"1,040,882.32",-1.68,"16,664.35",1,72,0.44,1,18
2023-11-14,"1,014,687.39",-2.62,"16,250.82",1,69,0.38,1,18
2023-11-15,"1,080,005.72",6.53,"17,317.22",1,60,0.2,1,18
2023-11-16,"1,031,630.01",-4.84,"16,542.94",1,70,0.4,1,18
2023-11-17,"1,044,243.72",1.26,"16,754.73",0,63,0.26,1,18
2023-11-18,"1,042,976.29",-0.13,"16,732.78",0,69,0.38,1,18
2023-11-19,"1,065,593.24",2.26,"17,094.62",0,66,0.32,1,18
2023-11-20,"1,068,205.20",0.26,"17,132.64",0,69,0.38,1,18
2023-11-21,"1,019,474.81",-4.87,"16,354.87",0,71,0.42,1,18
2023-11-22,"1,067,365.87",4.79,"17,108.78",0,62,0.24,1,18
2023-11-23,"1,064,151.83",-0.32,"17,055.86",0,66,0.32,1,18
2023-11-24,"1,076,054.32",1.19,"17,249.55",0,66,0.32,1,18
2023-11-25,"1,077,961.70",0.19,"17,280.23",0,73,0.46,1,18
2023-11-26,"1,068,430.91",-0.95,"17,128.49",0,73,0.46,1,18
2023-11-27,"1,062,362.95",-0.61,"17,040.80",0,66,0.32,1,18
2023-11-28,"1,078,693.23",1.63,"17,307.05",0,68,0.36,1,18
2023-11-29,"1,079,509.55",0.08,"17,328.69",0,72,0.44,1,18
2023-11-30,"1,076,060.33",-0.34,"17,262.02",0,74,0.48,1,18
2023-12-01,"1,103,221.94",2.72,"17,705.56",0,71,0.42,1,18
2023-12-02,"1,125,421.13",2.22,"18,050.17",0,74,0.48,1,18
2023-12-03,"1,140,284.09",1.49,"18,290.06",0,73,0.46,1,18
2023-12-04,"1,197,291.85",5.70,"19,228.51",0,74,0.48,1,18
2023-12-05,"1,256,032.38",5.87,"20,198.88",0,75,0.5,2,18
2023-12-06,"1,246,780.25",-0.93,"20,066.28",0,72,0.44,1,18
2023-12-07,"1,234,195.80",-1.26,"19,808.05",0,72,0.44,1,18
2023-12-08,"1,259,393.38",2.52,"20,228.66",0,72,0.44,1,18
2023-12-09,"1,246,416.51",-1.30,"20,017.52",0,73,0.46,1,18
2023-12-10,"1,248,659.38",0.22,"20,050.15",0,74,0.48,1,18
2023-12-11,"1,176,535.21",-7.21,"18,881.78",0,74,0.48,1,18
2023-12-12,"1,183,072.17",0.65,"18,997.00",0,67,0.34,1,18
2023-12-13,"1,222,115.65",3.90,"19,633.66",0,65,0.3,1,18
2023-12-14,"1,226,908.90",0.48,"19,693.46",0,72,0.44,1,18
2023-12-15,"1,195,719.48",-3.12,"19,206.69",0,70,0.4,1,18
2023-12-16,"1,205,249.61",0.95,"19,364.03",0,67,0.34,1,18
2023-12-17,"1,179,635.57",-2.56,"18,947.05",0,73,0.46,1,18
2023-12-18,"1,215,784.17",3.61,"19,545.67",0,65,0.3,1,18
2023-12-19,"1,204,774.69",-1.10,"19,372.09",0,73,0.46,1,18
2023-12-20,"1,244,031.61",3.93,"20,021.02",0,74,0.48,1,18
2023-12-21,"1,249,826.75",0.58,"20,100.69",0,70,0.4,1,18
2023-12-22,"1,253,588.94",0.38,"20,132.87",0,74,0.48,1,18
2023-12-23,"1,245,968.75",-0.76,"20,010.76",0,70,0.4,1,18
2023-12-24,"1,225,641.07",-2.03,"19,687.33",0,71,0.42,1,18
2023-12-25,"1,242,088.17",1.64,"19,960.49",0,73,0.46,1,18
2023-12-26,"1,211,993.26",-3.01,"19,458.92",0,71,0.42,1,18
2023-12-27,"1,239,207.61",2.72,"19,853.30",0,73,0.46,1,18
2023-12-28,"1,214,669.94",-2.45,"19,453.70",0,73,0.46,1,18
2023-12-29,"1,200,311.10",-1.44,"19,231.77",0,65,0.3,1,18
2023-12-30,"1,202,313.32",0.20,"19,267.09",0,68,0.36,1,18
2023-12-31,"1,206,211.46",0.39,"19,338.07",0,67,0.34,1,18
2024-01-01,"1,259,938.48",5.37,"20,215.30",0,65,0.3,1,18
2024-01-02,"1,281,447.89",2.15,"20,576.34",0,71,0.42,1,18
2023-11-05,"1,000,000.00",0.00,0.00,0,-1,-1,0,19
2024-01-05,"999,906.98",-0.01,"20,216.31",1,72,0.44,1,19
2024-01-06,"992,257.01",-0.76,"20,141.70",3,70,0.4,1,19
2024-01-07,"988,376.83",-0.39,"20,128.72",1,71,0.42,1,19
2024-01-08,"1,048,062.82",5.97,"21,527.97",0,71,0.42,1,19
2024-01-09,"1,037,586.43",-1.05,"21,129.41",0,76,0.52,2,19
2024-01-10,"1,080,534.41",4.29,"21,331.97",0,73,0.46,1,19
2024-01-11,"1,081,054.03",0.05,"21,175.78",0,76,0.52,2,19
2024-01-12,"1,014,510.25",-6.65,"19,524.65",0,71,0.42,1,19
2024-01-13,"1,024,043.86",0.95,"19,541.92",0,64,0.28,1,19
2024-01-14,"992,411.88",-3.16,"19,040.05",0,60,0.2,1,19
2024-01-15,"1,011,157.51",1.87,"19,393.76",0,52,0.04,1,19
2024-01-16,"1,030,908.01",1.98,"19,673.16",0,64,0.28,1,19
2024-01-17,"1,016,825.32",-1.41,"19,516.62",0,60,0.2,1,19
2024-01-18,"987,621.56",-2.92,"18,846.42",0,63,0.26,1,19
2024-01-19,"995,657.87",0.80,"18,997.52",0,51,0.02,1,19
2024-01-20,"993,572.18",-0.21,"19,018.63",0,52,0.04,1,19
2024-01-21,"989,882.06",-0.37,"18,967.03",0,56,0.12,1,19
2024-01-22,"938,810.53",-5.11,"18,053.61",0,55,0.1,1,19
2024-01-23,"932,556.37",-0.63,"18,226.18",0,50,0,1,19
2024-01-24,"933,599.35",0.10,"18,317.47",0,48,-0.04,-1,19
2024-01-25,"929,341.93",-0.43,"18,262.99",0,52,0.04,1,19
2024-01-26,"964,463.66",3.51,"19,126.90",0,49,-0.02,-1,19
2024-01-27,"969,160.64",0.47,"19,265.93",0,55,0.1,1,19
2024-01-28,"966,240.39",-0.29,"19,226.23",0,54,0.08,1,19
2024-01-29,"993,987.14",2.77,"19,810.54",0,55,0.1,1,19
2024-01-30,"992,081.63",-0.19,"19,635.46",0,61,0.22,1,19
2024-01-31,"977,493.77",-1.46,"19,480.26",0,60,0.2,1,19
2024-02-01,"987,805.66",1.03,"19,712.60",0,63,0.26,1,19
2024-02-02,"990,315.48",0.25,"19,766.38",0,63,0.26,1,19
2024-02-03,"985,590.09",-0.47,"19,680.58",0,60,0.2,1,19
2024-02-04,"978,922.91",-0.67,"19,479.10",0,60,0.2,1,19
2024-02-05,"982,124.39",0.32,"19,536.61",0,60,0.2,1,19
2024-02-06,"998,137.63",1.60,"19,704.58",0,64,0.28,1,19
2024-02-07,"1,024,311.37",2.62,"20,281.01",0,62,0.24,1,19
2024-02-08,"1,038,356.81",1.40,"20,721.49",0,66,0.32,1,19
2024-02-09,"1,075,258.36",3.69,"21,574.22",0,72,0.44,1,19
2024-02-10,"1,086,098.72",1.08,"21,862.71",0,74,0.48,1,19
2024-02-11,"1,094,832.44",0.87,"22,120.31",0,71,0.42,1,19
2024-02-12,"1,141,028.42",4.62,"22,846.85",0,70,0.4,1,19
2024-02-13,"1,134,672.36",-0.64,"22,749.47",0,79,0.58,2,19
2024-02-14,"1,185,437.83",5.08,"23,704.70",0,74,0.48,1,19
2024-02-15,"1,195,626.23",1.02,"23,729.10",0,72,0.44,1,19
2024-02-16,"1,196,809.26",0.12,"23,847.04",0,72,0.44,1,19
2024-02-17,"1,186,769.73",-1.00,"23,625.63",0,76,0.52,2,19
2024-02-18,"1,207,355.05",2.06,"23,838.79",0,72,0.44,1,19
2024-02-19,"1,211,430.82",0.41,"23,653.58",0,75,0.5,2,19
2024-02-20,"1,228,844.10",1.74,"23,865.59",0,72,0.44,1,19
2024-02-21,"1,218,664.65",-1.02,"23,676.72",0,78,0.56,2,19
2024-02-22,"1,211,376.01",-0.73,"23,410.92",0,74,0.48,1,19
2024-02-23,"1,195,672.32",-1.57,"23,167.08",0,76,0.52,2,19
2024-02-24,"1,218,399.93",2.27,"23,538.30",0,72,0.44,1,19
2024-02-25,"1,238,702.36",2.03,"23,586.23",0,74,0.48,1,19
2024-02-26,"1,289,037.28",5.03,"24,863.03",0,72,0.44,1,19
2024-02-27,"1,335,047.64",4.60,"26,056.37",0,79,0.58,2,19
2024-02-28,"1,435,646.75",10.06,"28,561.37",0,82,0.64,2,19
2024-02-29,"1,409,016.83",-2.66,"27,961.80",0,80,0.6,2,19
2024-03-01,"1,441,516.16",3.25,"28,531.40",0,80,0.6,2,19
2024-03-02,"1,434,328.35",-0.72,"28,344.46",0,80,0.6,2,19
2024-01-04,"1,000,000.00",0.00,0.00,0,-1,-1,0,20
2024-03-05,"979,519.99",-2.05,"29,137.86",1,90,0.8,2,20
2024-03-06,"1,052,378.49",7.29,"30,178.08",0,75,0.5,2,20
2024-03-07,"1,066,175.24",1.38,"30,508.49",0,82,0.64,2,20
2024-03-08,"1,070,190.24",0.40,"31,115.16",0,81,0.62,2,20
2024-03-09,"1,076,198.99",0.60,"31,198.82",0,84,0.68,2,20
2024-03-10,"1,068,845.49",-0.74,"31,496.98",0,79,0.58,2,20
2024-03-11,"1,120,086.24",5.12,"32,928.35",0,82,0.64,2,20
2024-03-12,"1,096,755.24",-2.33,"32,648.29",0,81,0.62,2,20
2024-03-13,"1,103,583.49",0.68,"33,382.55",0,81,0.62,2,20
2024-03-14,"1,069,733.74",-3.38,"32,623.44",0,88,0.76,2,20
2024-03-15,"1,031,368.49",-3.84,"31,756.75",0,83,0.66,2,20
2024-03-16,"971,115.99",-6.03,"29,841.01",0,81,0.62,2,20
2024-03-17,"1,004,561.49",3.34,"31,272.35",0,79,0.58,2,20
2024-03-18,"970,392.74",-3.42,"30,934.66",0,77,0.54,2,20
2024-03-19,"870,892.24",-9.95,"28,354.07",0,79,0.58,2,20
2024-03-20,"969,311.99",9.84,"31,043.75",0,74,0.48,1,20
2024-03-21,"962,799.99",-0.65,"29,947.84",0,78,0.56,2,20
2024-03-22,"919,762.49",-4.30,"29,179.23",0,75,0.5,2,20
2024-03-23,"917,886.99",-0.19,"29,272.29",0,73,0.46,1,20
2024-03-24,"952,385.74",3.45,"30,757.53",0,74,0.48,1,20
2024-03-25,"989,631.74",3.72,"31,980.64",0,75,0.5,2,20
2024-03-26,"988,781.99",-0.08,"32,033.85",0,81,0.62,2,20
2024-03-27,"965,093.49",-2.37,"31,810.32",0,83,0.66,2,20
2024-03-28,"981,400.99",1.63,"32,412.37",0,80,0.6,2,20
2024-03-29,"967,444.74",-1.40,"31,978.12",0,79,0.58,2,20
2024-03-30,"966,317.24",-0.11,"31,855.56",0,75,0.5,2,20
2024-03-31,"1,004,720.99",3.84,"32,623.11",0,75,0.5,2,20
2024-04-01,"965,811.24",-3.89,"31,894.07",0,79,0.58,2,20
2024-04-02,"903,980.24",-6.18,"29,977.88",0,79,0.58,2,20
2024-04-03,"912,744.49",0.88,"30,203.53",0,71,0.42,1,20
2024-04-04,"917,301.24",0.46,"31,383.14",0,70,0.4,1,20
2024-04-05,"914,674.99",-0.26,"31,072.88",0,79,0.58,2,20
2024-04-06,"923,953.49",0.93,"31,570.13",0,75,0.5,2,20
2024-04-07,"952,171.24",2.82,"31,766.63",0,78,0.56,2,20
2024-04-08,"1,018,283.99",6.61,"32,777.52",0,76,0.52,2,20
2024-04-09,"966,523.49",-5.18,"31,654.99",0,80,0.6,2,20
2024-04-10,"977,317.24",1.08,"32,338.61",0,78,0.56,2,20
2024-04-11,"965,459.24",-1.19,"32,055.04",0,76,0.52,2,20
2024-04-12,"892,559.49",-7.29,"30,754.49",0,79,0.58,2,20
2024-04-13,"829,193.99",-6.34,"29,312.30",0,72,0.44,1,20
2024-04-14,"869,921.49",4.07,"30,094.68",0,72,0.44,1,20
2024-04-15,"855,313.49",-1.46,"29,053.70",0,74,0.48,1,20
2024-04-16,"850,426.74",-0.49,"29,237.31",0,65,0.3,1,20
2024-04-17,"823,253.99",-2.72,"28,074.71",0,67,0.34,1,20
2024-04-18,"844,976.24",2.17,"29,085.75",0,57,0.14,1,20
2024-04-19,"842,792.74",-0.22,"29,250.95",0,66,0.32,1,20
2024-04-20,"870,108.49",2.73,"29,753.62",0,66,0.32,1,20
2024-04-21,"867,875.49",-0.22,"29,753.50",0,72,0.44,1,20
2024-04-22,"882,321.24",1.44,"30,620.50",0,73,0.46,1,20
2024-04-23,"887,617.74",0.53,"30,424.85",0,71,0.42,1,20
2024-04-24,"865,986.24",-2.16,"29,440.77",0,72,0.44,1,20
2024-04-25,"870,111.24",0.41,"29,534.69",0,72,0.44,1,20
2024-04-26,"863,373.74",-0.67,"29,200.79",0,70,0.4,1,20
2024-04-27,"897,545.24",3.42,"29,028.71",0,67,0.34,1,20
2024-04-28,"899,714.99",0.22,"28,864.22",0,65,0.3,1,20
2024-04-29,"886,866.99",-1.28,"29,228.44",0,67,0.34,1,20
2024-04-30,"831,129.99",-5.57,"27,772.11",0,67,0.34,1,20
2024-05-01,"819,692.74",-1.14,"26,698.62",0,54,0.08,1,20
2024-05-02,"823,468.49",0.38,"27,023.63",0,43,-0.14,-1,20
2024-03-05,"1,000,000.00",0.00,0.00,0,-1,-1,0,21
2024-05-05,"1,006,037.85",0.60,"29,315.16",1,69,0.38,1,21
2024-05-06,"982,413.04",-2.36,"28,933.49",1,71,0.42,1,21
2024-05-07,"964,201.75",-1.82,"28,547.10",1,68,0.36,1,21
2024-05-08,"954,128.15",-1.01,"28,023.84",0,64,0.28,1,21
2024-05-09,"973,974.55",1.98,"28,894.23",0,55,0.1,1,21
2024-05-10,"933,543.97",-4.04,"27,853.64",1,66,0.32,1,21
2024-05-11,"934,347.60",0.08,"27,863.70",1,53,0.06,1,21
2024-05-12,"939,740.22",0.54,"28,169.32",1,56,0.12,1,21
2024-05-13,"946,684.13",0.69,"28,851.30",1,57,0.14,1,21
2024-05-14,"924,584.93",-2.21,"28,230.78",0,66,0.32,1,21
2024-05-15,"972,783.33",4.82,"30,374.81",0,64,0.28,1,21
2024-05-16,"944,671.33",-2.81,"29,939.65",0,70,0.4,1,21
2024-05-17,"991,810.53",4.71,"30,746.80",0,74,0.48,1,21
2024-05-18,"1,001,708.13",0.99,"30,688.83",0,73,0.46,1,21
2024-05-19,"985,146.45",-1.66,"30,399.66",1,72,0.44,1,21
2024-05-20,"1,174,135.24",18.90,"32,699.75",1,70,0.4,1,21
2024-05-21,"1,215,044.22",4.09,"32,055.40",1,76,0.52,2,21
2024-05-22,"1,198,445.80",-1.66,"31,605.28",1,76,0.52,2,21
2024-05-23,"1,213,102.54",1.47,"31,035.38",1,76,0.52,2,21
2024-05-24,"1,195,397.47",-1.77,"31,320.56",1,74,0.48,1,21
2024-05-25,"1,202,118.42",0.67,"31,664.26",1,76,0.52,2,21
2024-05-26,"1,226,817.73",2.47,"31,279.19",0,75,0.5,2,21
2024-05-27,"1,248,511.01",2.17,"31,700.90",0,74,0.48,1,21
2024-05-28,"1,232,653.51",-1.59,"31,223.37",0,72,0.44,1,21
2024-05-29,"1,207,908.78",-2.47,"30,890.41",0,72,0.44,1,21
2024-05-30,"1,201,660.22",-0.62,"31,224.40",0,73,0.46,1,21
2024-05-31,"1,206,256.80",0.46,"30,839.09",0,73,0.46,1,21
2024-06-01,"1,223,415.83",1.72,"30,932.17",0,72,0.44,1,21
2024-06-02,"1,212,248.22",-1.12,"30,938.97",0,73,0.46,1,21
2024-06-03,"1,207,900.55",-0.43,"31,427.91",0,73,0.46,1,21
2024-06-04,"1,221,927.77",1.40,"32,217.42",0,73,0.46,1,21
2024-06-05,"1,239,817.98",1.79,"32,470.46",0,75,0.5,2,21
2024-06-06,"1,223,052.88",-1.68,"32,333.34",0,78,0.56,2,21
2024-06-07,"1,179,710.47",-4.33,"31,689.92",0,77,0.54,2,21
2024-06-08,"1,180,745.80",0.10,"31,668.27",0,72,0.44,1,21
2024-06-09,"1,188,656.59",0.79,"31,824.32",0,75,0.5,2,21
2024-06-10,"1,176,148.69",-1.25,"31,793.89",0,72,0.44,1,21
2024-06-11,"1,121,501.18",-5.46,"30,788.59",0,74,0.48,1,21
2024-06-12,"1,141,654.63",2.02,"31,217.92",0,72,0.44,1,21
2024-06-13,"1,112,553.89",-2.91,"30,540.46",0,70,0.4,1,21
2024-06-14,"1,116,534.45",0.40,"30,193.45",0,74,0.48,1,21
2024-06-15,"1,144,372.84",2.78,"30,259.93",0,74,0.48,1,21
2024-06-16,"1,162,196.57",1.78,"30,458.39",0,71,0.42,1,21
2024-06-17,"1,126,029.24",-3.62,"30,403.52",0,71,0.42,1,21
2024-06-18,"1,117,000.10",-0.90,"29,787.61",0,74,0.48,1,21
2024-06-19,"1,141,707.30",2.47,"29,673.37",0,64,0.28,1,21
2024-06-20,"1,126,488.07",-1.52,"29,637.52",0,60,0.2,1,21
2024-06-21,"1,128,216.72",0.17,"29,294.57",0,63,0.26,1,21
2024-06-22,"1,120,954.67",-0.73,"29,354.08",0,53,0.06,1,21
2024-06-23,"1,096,957.06",-2.40,"28,878.39",0,55,0.1,1,21
2024-06-24,"1,075,105.73",-2.19,"27,521.87",0,51,0.02,1,21
2024-06-25,"1,088,639.57",1.35,"28,222.60",0,30,-0.4,-1,21
2024-06-26,"1,081,110.51",-0.75,"27,785.81",0,46,-0.08,-1,21
2024-06-27,"1,106,421.73",2.53,"28,162.69",0,40,-0.2,-1,21
2024-06-28,"1,083,877.61",-2.25,"27,579.43",0,47,-0.06,-1,21
2024-06-29,"1,083,454.95",-0.04,"27,842.28",0,30,-0.4,-1,21
2024-06-30,"1,102,493.93",1.90,"28,667.12",0,47,-0.06,-1,21
2024-07-01,"1,103,767.71",0.13,"28,727.85",0,53,0.06,1,21
2024-07-02,"1,097,107.19",-0.67,"28,371.51",0,51,0.02,1,21
2024-05-05,"1,000,000.00",0.00,0.00,0,-1,-1,0,22
2024-07-05,"974,498.33",-2.55,"25,894.81",1,29,-0.42,-1,22
2024-07-06,"1,002,337.63",2.78,"26,623.32",1,26,-0.48,-1,22
2024-07-07,"957,915.85",-4.44,"25,544.56",0,29,-0.42,-1,22
2024-07-08,"986,686.71",2.88,"25,923.83",0,28,-0.44,-1,22
2024-07-09,"1,002,242.55",1.56,"26,540.80",0,27,-0.46,-1,22
2024-07-10,"1,013,488.15",1.12,"26,378.61",0,28,-0.44,-1,22
2024-07-11,"1,013,006.07",-0.05,"26,197.11",0,29,-0.42,-1,22
2024-07-12,"1,024,227.13",1.12,"26,446.01",0,25,-0.5,-1,22
2024-07-13,"1,037,929.83",1.37,"27,056.51",0,25,-0.5,-1,22
2024-07-14,"1,060,522.33",2.26,"27,789.00",0,33,-0.34,-1,22
2024-07-15,"1,138,373.39",7.79,"29,575.93",0,52,0.04,1,22
2024-07-16,"1,125,538.23",-1.28,"29,737.49",0,65,0.3,1,22
2024-07-17,"1,106,900.95",-1.86,"29,301.54",0,69,0.38,1,22
2024-07-18,"1,119,773.65",1.29,"29,244.99",0,61,0.22,1,22
2024-07-19,"1,144,971.43",2.52,"30,481.33",0,60,0.2,1,22
2024-07-20,"1,149,524.45",0.46,"30,704.42",0,74,0.48,1,22
2024-07-21,"1,155,566.97",0.60,"31,181.02",0,74,0.48,1,22
2024-07-22,"1,124,105.45",-3.15,"30,907.71",0,70,0.4,1,22
2024-07-23,"1,138,072.91",1.40,"30,147.81",0,71,0.42,1,22
2024-07-24,"1,090,220.71",-4.79,"29,918.02",0,69,0.38,1,22
2024-07-25,"1,037,935.93",-5.23,"30,154.19",0,68,0.36,1,22
2024-07-26,"1,070,293.51",3.24,"31,122.82",0,68,0.36,1,22
2024-07-27,"1,061,950.71",-0.83,"31,122.89",0,72,0.44,1,22
2024-07-28,"1,068,854.81",0.69,"31,284.12",0,71,0.42,1,22
2024-07-29,"1,084,301.41",1.54,"30,585.77",0,74,0.48,1,22
2024-07-30,"1,071,822.31",-1.25,"30,309.68",0,67,0.34,1,22
2024-07-31,"1,056,626.29",-1.52,"29,587.96",0,61,0.22,1,22
2024-08-01,"1,047,055.85",-0.96,"29,936.81",0,52,0.04,1,22
2024-08-02,"977,231.51",-6.98,"28,175.68",0,57,0.14,1,22
2024-08-03,"949,152.09",-2.81,"27,820.97",0,37,-0.26,-1,22
2024-08-04,"879,022.57",-7.01,"26,681.46",0,34,-0.32,-1,22
2024-08-05,"791,090.19",-8.79,"24,797.85",0,26,-0.48,-1,22
2024-08-06,"804,779.83",1.37,"25,727.28",0,17,-0.66,-2,22
2024-08-07,"766,099.85",-3.87,"25,337.81",0,29,-0.42,-1,22
2024-08-08,"877,010.45",11.09,"28,338.69",0,20,-0.6,-2,22
2024-08-09,"849,684.13",-2.73,"27,959.89",0,48,-0.04,-1,22
2024-08-10,"853,373.37",0.37,"27,994.12",0,40,-0.2,-1,22
2024-08-11,"835,514.53",-1.79,"26,969.43",0,39,-0.22,-1,22
2024-08-12,"889,989.65",5.45,"27,227.35",0,25,-0.5,-1,22
2024-08-13,"883,539.29",-0.65,"27,814.75",0,31,-0.38,-1,22
2024-08-14,"870,173.35",-1.34,"26,927.09",0,30,-0.4,-1,22
2024-08-15,"840,307.99",-2.99,"26,410.28",0,29,-0.42,-1,22
2024-08-16,"847,755.83",0.74,"27,033.40",0,27,-0.46,-1,22
2024-08-17,"854,943.71",0.72,"27,314.00",0,25,-0.5,-1,22
2024-08-18,"854,132.75",-0.08,"26,815.48",0,31,-0.38,-1,22
2024-08-19,"862,134.01",0.80,"27,279.76",0,28,-0.44,-1,22
2024-08-20,"841,463.97",-2.07,"27,091.09",0,30,-0.4,-1,22
2024-08-21,"860,338.91",1.89,"28,087.39",0,26,-0.48,-1,22
2024-08-22,"857,837.53",-0.25,"27,718.35",0,39,-0.22,-1,22
2024-08-23,"903,382.33",4.55,"29,410.21",0,34,-0.32,-1,22
2024-08-24,"905,137.05",0.18,"29,468.19",0,56,0.12,1,22
2024-08-25,"897,981.03",-0.72,"29,504.39",0,54,0.08,1,22
2024-08-26,"876,479.59",-2.15,"28,872.35",0,55,0.1,1,22
2024-08-27,"803,669.83",-7.28,"27,314.90",0,48,-0.04,-1,22
2024-08-28,"826,830.63",2.32,"27,119.00",0,30,-0.4,-1,22
2024-08-29,"826,593.51",-0.02,"27,272.03",0,29,-0.42,-1,22
2024-08-30,"826,063.85",-0.05,"27,161.95",0,34,-0.32,-1,22
2024-08-31,"821,819.91",-0.42,"27,094.74",0,29,-0.42,-1,22
2024-09-01,"793,281.37",-2.85,"26,331.42",0,26,-0.48,-1,22
2024-09-02,"829,943.51",3.67,"27,165.31",0,26,-0.48,-1,22
2024-07-06,"1,000,000.00",0.00,0.00,0,-1,-1,0,23
2024-09-05,"966,484.81",-3.35,"25,818.00",1,29,-0.42,-1,23
2024-09-06,"907,904.17",-5.86,"24,809.21",0,22,-0.56,-2,23
2024-09-07,"927,630.97",1.97,"24,890.08",0,23,-0.54,-2,23
2024-09-08,"937,308.73",0.97,"25,216.52",0,29,-0.42,-1,23
2024-09-09,"962,686.33",2.54,"26,222.23",0,26,-0.48,-1,23
2024-09-10,"974,526.49",1.18,"26,496.05",0,33,-0.34,-1,23
2024-09-11,"954,954.73",-1.96,"26,363.14",0,37,-0.26,-1,23
2024-09-12,"963,608.41",0.87,"26,729.12",0,31,-0.38,-1,23
2024-09-13,"995,199.85",3.16,"27,823.58",0,32,-0.36,-1,23
2024-09-14,"986,468.65",-0.87,"27,591.19",0,50,0,1,23
2024-09-15,"944,979.13",-4.15,"27,208.26",0,51,0.02,1,23
2024-09-16,"936,647.77",-0.83,"26,785.11",0,39,-0.22,-1,23
2024-09-17,"955,464.73",1.88,"27,761.26",0,33,-0.34,-1,23
2024-09-18,"968,908.33",1.34,"28,431.99",0,45,-0.1,-1,23
2024-09-19,"1,005,816.01",3.69,"28,969.64",0,49,-0.02,-1,23
2024-09-20,"1,045,061.53",3.92,"29,066.80",0,54,0.08,1,23
2024-09-21,"1,065,869.53",2.08,"29,120.23",0,54,0.08,1,23
2024-09-22,"1,053,058.33",-1.28,"29,235.53",0,52,0.04,1,23
2024-09-23,"1,079,974.09",2.69,"29,104.33",0,50,0,1,23
2024-09-24,"1,082,515.93",0.25,"29,537.38",0,54,0.08,1,23
2024-09-25,"1,052,629.93",-2.99,"29,034.99",0,59,0.18,1,23
2024-09-26,"1,073,972.41",2.13,"29,973.86",0,50,0,1,23
2024-09-27,"1,099,337.77",2.54,"30,238.16",0,61,0.22,1,23
2024-09-28,"1,091,496.01",-0.78,"30,285.36",0,64,0.28,1,23
2024-09-29,"1,084,319.29",-0.72,"30,170.04",0,63,0.26,1,23
2024-09-30,"1,061,720.17",-2.26,"29,117.68",0,61,0.22,1,23
2024-10-01,"998,708.65",-6.30,"27,968.93",0,50,0,1,23
2024-10-02,"964,563.13",-3.41,"27,915.16",0,42,-0.16,-1,23
2024-10-03,"958,728.73",-0.58,"27,966.55",0,37,-0.26,-1,23
2024-10-04,"985,089.61",2.64,"28,577.73",0,41,-0.18,-1,23
2024-10-05,"985,191.61",0.01,"28,562.59",0,49,-0.02,-1,23
2024-10-06,"995,542.57",1.04,"28,914.13",0,50,0,1,23
2024-10-07,"988,476.01",-0.71,"28,638.68",0,50,0,1,23
2024-10-08,"995,893.45",0.74,"28,600.60",0,49,-0.02,-1,23
2024-10-09,"967,162.09",-2.87,"27,900.53",0,49,-0.02,-1,23
2024-10-10,"973,698.25",0.65,"27,752.70",0,39,-0.22,-1,23
2024-10-11,"995,326.33",2.16,"28,781.53",0,32,-0.36,-1,23
2024-10-12,"1,010,381.53",1.51,"29,086.44",0,49,-0.02,-1,23
2024-10-13,"1,007,325.61",-0.31,"28,930.78",0,50,0,1,23
2024-10-14,"1,072,964.65",6.56,"30,405.01",0,48,-0.04,-1,23
2024-10-15,"1,063,833.61",-0.91,"30,875.29",0,65,0.3,1,23
2024-10-16,"1,065,339.13",0.15,"31,130.12",0,73,0.46,1,23
2024-10-17,"1,063,176.73",-0.22,"31,039.87",0,71,0.42,1,23
2024-10-18,"1,078,015.69",1.48,"31,504.31",0,73,0.46,1,23
2024-10-19,"1,080,475.93",0.25,"31,479.76",0,72,0.44,1,23
2024-10-20,"1,120,749.61",4.03,"31,763.76",0,73,0.46,1,23
2024-10-21,"1,088,023.93",-3.27,"31,003.87",0,72,0.44,1,23
2024-10-22,"1,070,116.81",-1.79,"31,037.81",0,70,0.4,1,23
2024-10-23,"1,030,051.21",-4.01,"30,705.20",0,71,0.42,1,23
2024-10-24,"1,034,624.89",0.46,"31,421.15",0,69,0.38,1,23
2024-10-25,"995,783.29",-3.88,"30,740.47",0,72,0.44,1,23
2024-10-26,"1,012,874.41",1.71,"30,914.91",0,72,0.44,1,23
2024-10-27,"1,023,192.73",1.03,"31,345.55",0,74,0.48,1,23
2024-10-28,"1,047,542.17",2.43,"32,243.66",0,72,0.44,1,23
2024-10-29,"1,076,640.73",2.91,"33,533.67",0,72,0.44,1,23
2024-10-30,"1,084,959.85",0.83,"33,347.12",0,77,0.54,2,23
2024-10-31,"1,027,603.21",-5.74,"32,416.12",0,77,0.54,2,23
2024-11-01,"1,024,698.25",-0.29,"32,043.46",0,75,0.5,2,23
2024-11-02,"1,017,656.17",-0.70,"31,991.31",0,72,0.44,1,23
2024-09-05,"1,000,000.00",0.00,0.00,0,-1,-1,0,24
2024-11-05,"1,002,084.04",0.21,"32,007.53",1,70,0.4,1,24
2024-11-06,"1,053,591.99",5.15,"34,854.68",1,70,0.4,1,24
2024-11-07,"1,064,334.72",1.07,"34,948.86",0,77,0.54,2,24
2024-11-08,"1,063,552.13",-0.08,"35,241.27",0,75,0.5,2,24
2024-11-09,"1,111,289.68",4.77,"35,276.80",0,75,0.5,2,24
2024-11-10,"1,116,038.54",0.47,"37,003.35",0,78,0.56,2,24
2024-11-11,"1,173,487.23",5.74,"40,853.90",0,76,0.52,2,24
2024-11-12,"1,112,481.34",-6.10,"40,563.10",0,80,0.6,2,24
2024-11-13,"1,104,210.86",-0.83,"41,718.92",0,84,0.68,2,24
2024-11-14,"1,107,092.19",0.29,"40,310.30",0,88,0.76,2,24
2024-11-15,"1,101,880.90",-0.52,"42,050.72",0,80,0.6,2,24
2024-11-16,"1,107,785.85",0.59,"41,830.44",0,86,0.72,2,24
2024-11-17,"1,101,044.96",-0.67,"41,499.75",0,90,0.8,2,24
2024-11-18,"1,101,098.32",0.01,"41,756.59",0,83,0.66,2,24
2024-11-19,"1,094,997.73",-0.61,"42,650.35",0,90,0.8,2,24
2024-11-20,"1,077,016.11",-1.80,"43,592.43",0,83,0.66,2,24
2024-11-21,"1,106,309.61",2.93,"45,423.30",0,82,0.64,2,24
2024-11-22,"1,126,123.18",1.98,"45,697.82",0,94,0.88,2,24
2024-11-23,"1,157,106.35",3.10,"45,103.86",0,93,0.86,2,24
2024-11-24,"1,173,522.80",1.64,"45,216.25",0,80,0.6,2,24
2024-11-25,"1,131,814.69",-4.17,"42,905.58",0,82,0.64,2,24
2024-11-26,"1,091,458.32",-4.04,"42,438.98",0,79,0.58,2,24
2024-11-27,"1,145,936.76",5.45,"44,194.47",0,75,0.5,2,24
2024-11-28,"1,163,171.36",1.72,"44,105.53",0,77,0.54,2,24
2024-11-29,"1,164,665.38",0.15,"44,958.08",0,78,0.56,2,24
2024-11-30,"1,162,459.92",-0.22,"44,437.65",0,84,0.68,2,24
2024-12-01,"1,167,013.13",0.46,"44,802.35",0,81,0.62,2,24
2024-12-02,"1,152,481.99",-1.45,"44,185.17",0,80,0.6,2,24
2024-12-03,"1,306,899.80",15.44,"44,174.52",0,76,0.52,2,24
2024-12-04,"1,315,597.14",0.87,"45,413.24",0,78,0.56,2,24
2024-12-05,"1,275,703.21",-3.99,"44,656.98",0,84,0.68,2,24
2024-12-06,"1,299,038.40",2.33,"45,923.02",0,72,0.44,1,24
2024-12-07,"1,333,721.05",3.47,"45,961.74",0,75,0.5,2,24
2024-12-08,"1,319,990.28",-1.37,"46,563.89",0,79,0.58,2,24
2024-12-09,"1,226,062.56",-9.39,"44,836.18",0,78,0.56,2,24
2024-12-10,"1,204,025.74",-2.20,"44,535.97",0,78,0.56,2,24
2024-12-11,"1,265,227.27",6.12,"46,617.39",0,74,0.48,1,24
2024-12-12,"1,255,551.70",-0.97,"46,079.46",0,83,0.66,2,24
2024-12-13,"1,291,034.72",3.55,"46,738.00",0,76,0.52,2,24
2024-12-14,"1,273,373.25",-1.77,"46,746.64",0,83,0.66,2,24
2024-12-15,"1,278,851.33",0.55,"48,160.36",0,80,0.6,2,24
2024-12-16,"1,281,892.73",0.30,"48,905.30",0,83,0.66,2,24
2024-12-17,"1,276,752.58",-0.51,"48,962.34",0,87,0.74,2,24
2024-12-18,"1,221,064.70",-5.57,"46,235.58",0,81,0.62,2,24
2024-12-19,"1,184,141.02",-3.69,"44,995.70",0,75,0.5,2,24
2024-12-20,"1,207,227.22",2.31,"45,141.98",0,74,0.48,1,24
2024-12-21,"1,180,352.61",-2.69,"44,933.78",0,73,0.46,1,24
2024-12-22,"1,155,950.26",-2.44,"43,957.69",0,73,0.46,1,24
2024-12-23,"1,234,902.19",7.90,"43,771.42",0,70,0.4,1,24
2024-12-24,"1,239,775.54",0.49,"45,537.16",0,73,0.46,1,24
2024-12-25,"1,250,126.98",1.04,"45,895.86",0,73,0.46,1,24
2024-12-26,"1,226,436.07",-2.37,"44,221.21",0,79,0.58,2,24
2024-12-27,"1,230,793.63",0.44,"43,517.57",0,74,0.48,1,24
2024-12-28,"1,284,649.55",5.39,"43,965.95",0,72,0.44,1,24
2024-12-29,"1,235,880.42",-4.88,"43,247.39",0,73,0.46,1,24
2024-12-30,"1,254,822.48",1.89,"42,797.69",0,65,0.3,1,24
2024-12-31,"1,249,379.97",-0.54,"43,173.30",0,64,0.28,1,24
2025-01-01,"1,259,233.40",0.99,"43,645.54",0,66,0.32,1,24
2025-01-02,"1,256,405.43",-0.28,"44,752.17",0,70,0.4,1,24
2024-11-05,"1,000,000.00",0.00,0.00,0,-1,-1,0,25
2025-01-05,"999,069.73",-0.09,"45,360.60",3,72,0.44,1,25
2025-01-06,"1,030,651.24",3.16,"47,168.72",3,76,0.52,2,25
2025-01-07,"967,923.56",-6.27,"44,756.74",1,78,0.56,2,25
2025-01-08,"950,067.26",-1.79,"43,876.85",0,70,0.4,1,25
2025-01-09,"923,372.43",-2.67,"42,721.84",0,69,0.38,1,25
2025-01-10,"942,718.48",1.93,"43,733.50",0,50,0,1,25
2025-01-11,"943,144.04",0.04,"43,669.64",0,69,0.38,1,25
2025-01-12,"941,460.50",-0.17,"43,648.09",0,62,0.24,1,25
2025-01-13,"930,666.18",-1.08,"43,674.36",0,61,0.22,1,25
2025-01-14,"952,294.42",2.16,"44,606.14",0,63,0.26,1,25
2025-01-15,"998,830.46",4.65,"46,406.40",0,70,0.4,1,25
2025-01-16,"983,357.39",-1.55,"46,200.04",0,75,0.5,2,25
2025-01-17,"1,025,994.13",4.26,"48,086.86",0,75,0.5,2,25
2025-01-18,"1,015,635.60",-1.04,"48,353.04",0,77,0.54,2,25
2025-01-19,"985,091.28",-3.05,"46,860.72",0,77,0.54,2,25
2025-01-20,"997,337.26",1.22,"47,282.84",0,76,0.52,2,25
2025-01-21,"1,028,426.68",3.11,"49,101.00",0,76,0.52,2,25
2025-01-22,"1,004,199.63",-2.42,"47,970.84",0,84,0.68,2,25
2025-01-23,"1,013,507.59",0.93,"48,046.57",0,75,0.5,2,25
2025-01-24,"1,017,937.52",0.44,"48,507.73",0,75,0.5,2,25
2025-01-25,"1,017,803.56",-0.01,"48,446.03",0,75,0.5,2,25
2025-01-26,"995,580.24",-2.22,"47,467.85",0,73,0.46,1,25
2025-01-27,"987,691.37",-0.79,"47,223.04",0,71,0.42,1,25
2025-01-28,"973,691.34",-1.40,"46,899.11",0,72,0.44,1,25
2025-01-29,"993,655.13",2.00,"48,019.31",0,72,0.44,1,25
2025-01-30,"1,011,707.72",1.81,"48,453.11",0,70,0.4,1,25
2025-01-31,"999,918.02",-1.18,"47,360.14",0,76,0.52,2,25
2025-02-01,"971,996.65",-2.79,"46,562.26",0,68,0.36,1,25
2025-02-02,"930,649.29",-4.13,"45,243.83",0,60,0.2,1,25
2025-02-03,"957,138.45",2.65,"46,951.53",1,44,-0.12,-1,25
2025-02-04,"919,476.11",-3.77,"45,315.82",0,72,0.44,1,25
2025-02-05,"916,037.64",-0.34,"44,761.26",0,54,0.08,1,25
2025-02-06,"907,249.59",-0.88,"44,756.48",0,49,-0.02,-1,25
2025-02-07,"901,611.22",-0.56,"44,747.32",0,44,-0.12,-1,25
2025-02-08,"902,169.83",0.06,"44,707.27",0,44,-0.12,-1,25
2025-02-09,"901,875.41",-0.03,"44,716.14",0,46,-0.08,-1,25
2025-02-10,"911,537.95",0.97,"45,163.96",0,43,-0.14,-1,25
2025-02-11,"895,114.28",-1.64,"44,392.71",0,47,-0.06,-1,25
2025-02-12,"921,325.67",2.62,"45,334.33",0,46,-0.08,-1,25
2025-02-13,"907,122.55",-1.42,"44,761.66",0,50,0,1,25
2025-02-14,"917,543.83",1.04,"45,172.04",0,48,-0.04,-1,25
2025-02-15,"915,326.95",-0.22,"45,211.54",0,50,0,1,25
2025-02-16,"902,499.22",-1.28,"44,531.96",0,54,0.08,1,25
2025-02-17,"906,906.58",0.44,"44,355.11",0,51,0.02,1,25
2025-02-18,"900,114.46",-0.68,"44,325.22",0,47,-0.06,-1,25
2025-02-19,"910,603.00",1.05,"44,772.46",0,44,-0.12,-1,25
2025-02-20,"924,215.58",1.36,"45,549.28",0,49,-0.02,-1,25
2025-02-21,"902,976.76",-2.12,"44,567.93",0,55,0.1,1,25
2025-02-22,"913,943.86",1.10,"44,713.88",0,49,-0.02,-1,25
2025-02-23,"916,491.48",0.25,"44,565.39",0,50,0,1,25
2025-02-24,"857,777.00",-5.87,"42,428.32",0,49,-0.02,-1,25
2025-02-25,"836,037.01",-2.17,"41,076.25",0,25,-0.5,-1,25
2025-02-26,"791,517.25",-4.45,"39,027.39",0,21,-0.58,-2,25
2025-02-27,"792,368.71",0.09,"39,251.53",0,10,-0.8,-2,25
2025-02-28,"783,973.96",-0.84,"39,102.73",0,16,-0.68,-2,25
2025-03-01,"794,509.74",1.05,"39,910.68",0,20,-0.6,-2,25
2025-03-02,"877,404.80",8.29,"43,705.56",0,26,-0.48,-1,25
2025-01-03,"1,000,000.00",0.00,0.00,0,-1,-1,0,26
2025-03-05,"1,024,261.78",2.43,"42,048.08",1,20,-0.6,-2,26
2025-03-06,"1,021,282.90",-0.30,"41,739.79",0,25,-0.5,-1,26
2025-03-07,"1,018,321.14",-0.30,"40,278.72",0,34,-0.32,-1,26
2025-03-08,"1,015,462.10",-0.29,"39,991.87",0,28,-0.44,-1,26
2025-03-09,"949,635.70",-6.58,"37,456.38",0,27,-0.46,-1,26
2025-03-10,"909,985.78",-3.96,"36,489.62",0,20,-0.6,-2,26
2025-03-11,"944,431.22",3.44,"38,515.69",0,24,-0.52,-2,26
2025-03-12,"975,692.34",3.13,"38,866.94",0,34,-0.32,-1,26
2025-03-13,"992,692.50",1.70,"37,665.85",0,45,-0.1,-1,26
2025-03-14,"1,006,320.02",1.36,"39,004.69",0,27,-0.46,-1,26
2025-03-15,"1,061,223.86",5.49,"39,158.52",0,46,-0.08,-1,26
2025-03-16,"1,031,041.30",-3.02,"38,342.88",0,30,-0.4,-1,26
2025-03-17,"1,081,528.18",5.05,"39,003.36",0,32,-0.36,-1,26
2025-03-18,"1,074,885.62",-0.66,"38,392.68",0,34,-0.32,-1,26
2025-03-19,"1,059,289.30",-1.56,"40,313.39",0,32,-0.36,-1,26
2025-03-20,"1,079,439.54",2.02,"39,091.00",0,49,-0.02,-1,26
2025-03-21,"1,087,485.94",0.80,"39,030.57",0,31,-0.38,-1,26
2025-03-22,"1,073,516.02",-1.40,"38,912.12",0,32,-0.36,-1,26
2025-03-23,"1,068,003.38",-0.55,"39,963.82",0,30,-0.4,-1,26
2025-03-24,"1,090,755.86",2.28,"40,610.60",0,45,-0.1,-1,26
2025-03-25,"1,078,326.74",-1.24,"40,566.19",0,46,-0.08,-1,26
2025-03-26,"1,058,073.78",-2.03,"40,354.06",0,47,-0.06,-1,26
2025-03-27,"1,091,235.22",3.32,"40,502.91",0,40,-0.2,-1,26
2025-03-28,"1,061,189.62",-3.00,"39,208.31",0,44,-0.12,-1,26
2025-03-29,"1,032,393.78",-2.88,"38,391.14",0,26,-0.48,-1,26
2025-03-30,"1,031,041.30",-0.14,"38,274.15",0,32,-0.36,-1,26
2025-03-31,"1,035,509.62",0.45,"38,345.56",0,34,-0.32,-1,26
2025-04-01,"1,046,329.46",1.08,"39,554.50",0,34,-0.32,-1,26
2025-04-02,"1,011,319.06",-3.50,"38,339.34",0,44,-0.12,-1,26
2025-04-03,"1,014,725.94",0.34,"38,662.24",0,25,-0.5,-1,26
2025-04-04,"1,023,354.42",0.86,"38,980.12",0,28,-0.44,-1,26
2025-04-05,"1,015,513.46",-0.78,"38,817.86",0,30,-0.4,-1,26
2025-04-06,"951,159.38",-6.44,"36,471.13",0,34,-0.32,-1,26
2025-04-07,"949,550.10",-0.16,"36,823.39",0,23,-0.54,-2,26
2025-04-08,"948,043.54",-0.15,"35,502.92",0,24,-0.52,-2,26
2025-04-09,"997,006.74",4.90,"38,416.99",0,18,-0.64,-2,26
2025-04-10,"989,662.26",-0.73,"37,034.21",0,39,-0.22,-1,26
2025-04-11,"1,003,187.06",1.35,"38,821.03",0,25,-0.5,-1,26
2025-04-12,"1,022,635.38",1.94,"39,673.90",0,43,-0.14,-1,26
2025-04-13,"1,000,362.26",-2.23,"38,972.73",0,45,-0.1,-1,26
2025-04-14,"1,000,807.38",0.04,"39,358.64",0,31,-0.38,-1,26
2025-04-15,"992,213.14",-0.86,"38,921.26",0,38,-0.24,-1,26
2025-04-16,"997,828.50",0.56,"39,105.31",0,29,-0.42,-1,26
2025-04-17,"1,010,993.78",1.32,"39,534.47",0,30,-0.4,-1,26
2025-04-18,"1,013,082.42",0.21,"39,309.95",0,33,-0.34,-1,26
2025-04-19,"1,013,116.66",0.00,"39,588.16",0,32,-0.36,-1,26
2025-04-20,"1,014,897.14",0.18,"39,642.10",0,37,-0.26,-1,26
2025-04-21,"1,022,720.98",0.78,"40,744.42",0,39,-0.22,-1,26
2025-04-22,"1,058,964.02",3.62,"43,492.19",0,47,-0.06,-1,26
2025-04-23,"1,037,050.42",-2.19,"43,603.23",0,72,0.44,1,26
2025-04-24,"1,029,928.50",-0.71,"43,746.52",0,63,0.26,1,26
2025-04-25,"1,027,120.82",-0.28,"44,053.72",0,60,0.2,1,26
2025-04-26,"1,039,652.66",1.25,"44,038.54",0,65,0.3,1,26
2025-04-27,"1,033,198.42",-0.65,"43,632.09",0,61,0.22,1,26
2025-04-28,"1,037,820.82",0.46,"44,224.28",0,54,0.08,1,26
2025-04-29,"1,028,986.90",-0.88,"43,870.41",0,60,0.2,1,26
2025-04-30,"1,027,069.46",-0.19,"43,831.66",0,56,0.12,1,26
2025-05-01,"1,026,641.46",-0.04,"44,914.04",0,53,0.06,1,26
2025-05-02,"1,028,456.18",0.18,"45,100.09",0,67,0.34,1,26
