Date,Window,Account_Value,Daily_Return
2021-08-03,1,1000000,0
2021-08-04,1,1008462.3,0.008462299837
2021-08-05,1,1016222.13,0.007694715287
2021-08-06,1,1035605.336,0.01907378854
2021-08-07,1,1090648.915,0.05315111568
2021-08-08,1,1063480.263,-0.02491053862
2021-08-09,1,1121386.994,0.05445021683
2021-08-10,1,1107563.842,-0.01232683503
2021-08-11,1,1107888.575,0.0002931964194
2021-08-12,1,1077587.303,-0.02735046931
2021-08-13,1,1163846.003,0.08004799217
2021-08-14,1,1145324.363,-0.01591416754
2021-08-15,1,1147426.241,0.001835182121
2021-08-16,1,1113856.621,-0.02925645141
2021-08-17,1,1080068.504,-0.030334351
2021-08-18,1,1080474.135,0.0003755606174
2021-08-19,1,1132865.315,0.04848906477
2021-08-20,1,1188500.311,0.04910998298
2021-08-21,1,1173996.784,-0.0122032171
2021-08-22,1,1182892.786,0.007577535371
2021-08-23,1,1194801.768,0.01006767663
2021-08-24,1,1148466.915,-0.03878036923
2021-08-25,1,1177173.243,0.02499534644
2021-08-26,1,1126570.62,-0.04298655534
2021-08-27,1,1182973.661,0.05006613817
2021-08-28,1,1177246.158,-0.00484161435
2021-08-29,1,1173074.414,-0.003543646625
2021-08-30,1,1140946.743,-0.0273875814
2021-08-31,1,1160472.16,0.01711334696
2021-09-01,1,1226365.573,0.05678155405
2021-09-02,1,1230758.793,0.003582308332
2021-09-03,1,1257772.194,0.02194857493
2021-09-04,1,1251689.01,-0.004836475805
2021-09-05,1,1290993.306,0.03140100763
2021-09-06,1,1305508.631,0.01124353271
2021-09-07,1,1156514.021,-0.114127633
2021-09-08,1,1147207.377,-0.008047152611
2021-09-09,1,1147115.419,-0.00008015786427
2021-09-10,1,1100051.32,-0.04102821561
2021-09-11,1,1111035.104,0.009984792683
2021-09-12,1,1138541.561,0.0247575049
2021-09-13,1,1108343.125,-0.02652378932
2021-09-14,1,1161017.051,0.04752492687
2021-09-15,1,1195098.986,0.02935524054
2021-09-16,1,1184108.946,-0.00919592445
2021-09-17,1,1161439.697,-0.01914456327
2021-09-18,1,1182711.271,0.018314833
2021-09-19,1,1154185.81,-0.0241187024
2021-09-20,1,1046282.911,-0.09348832581
2021-09-21,1,986155.8047,-0.05746735009
2021-09-22,1,1064632.256,0.0795781472
2021-09-23,1,1095374.497,0.02887592398
2021-09-24,1,1038275.454,-0.05212741601
2021-09-25,1,1035115.344,-0.003043614825
2021-09-26,1,1056040.042,0.02021484634
2021-09-27,1,1025858.007,-0.02858038799
2021-09-28,1,994867.1214,-0.03020972284
2021-09-29,1,1007996.442,0.01319705971
2021-09-30,1,1063137.223,0.05470334871
2021-10-01,1,1169031.931,0.09960587037
2021-10-02,1,1166554.183,-0.002119487834
2021-10-03,1,1179497.736,0.0110955441
2021-10-04,1,1195489.979,0.01355851984
2021-10-05,1,1247813.804,0.0437676813
2021-10-06,1,1323230.804,0.06043930572
2021-10-07,1,1296370.379,-0.02029912267
2021-10-08,1,1297252.269,0.0006802759241
2021-10-09,1,1316521.943,0.01485422278
2021-10-10,1,1297200.217,-0.01467634151
2021-10-11,1,1359751.058,0.04821988145
2021-10-12,1,1328455.652,-0.02301554128
2021-10-13,1,1363640.197,0.02648529897
2021-10-14,1,1379251.408,0.01144818979
2021-10-15,1,1465100.808,0.06224347429
2021-10-16,1,1447122.575,-0.01227098707
2021-10-17,1,1460533.679,0.009267427776
2021-10-18,1,1460498.53,-0.00002406603472
2021-10-19,1,1513500.924,0.03629061844
2021-10-20,1,1569699.774,0.03713169131
2021-10-21,1,1490619.772,-0.05037906191
2021-10-22,1,1456099.978,-0.02315801408
2021-10-23,1,1484010.649,0.01916810061
2021-10-24,1,1468671.962,-0.01033596815
2021-10-25,1,1521398.22,0.03590063629
2021-10-26,1,1463388.942,-0.03812892449
2021-10-27,1,1410091.811,-0.03642034585
2021-10-28,1,1481374.294,0.05055166106
2021-10-29,1,1523678.817,0.02855761962
2021-10-30,1,1508093.314,-0.01022886439
2021-10-31,1,1494775.213,-0.00883108508
2021-10-03,2,1000000,0
2021-10-04,2,990147.6379,-0.0098523621
2021-10-05,2,1026835.238,0.03705265619
2021-10-06,2,1010116.838,-0.01628148254
2021-10-07,2,1018476.038,0.008275478327
2021-10-08,2,973661.4379,-0.04400162432
2021-10-09,2,979930.8379,0.006438993839
2021-10-10,2,938599.2379,-0.0421780787
2021-10-11,2,959497.2379,0.02226509372
2021-10-12,2,1031711.438,0.07526254078
2021-10-13,2,1093476.638,0.0598667396
2021-10-14,2,1097888.438,0.0040346541
2021-10-15,2,1102068.038,0.003806944181
2021-10-16,2,1081866.638,-0.01833044722
2021-10-17,2,1093708.838,0.01094608114
2021-10-18,2,1126216.838,0.02972271858
2021-10-19,2,1133647.238,0.006597663745
2021-10-20,2,1164297.638,0.02703698203
2021-10-21,2,1093708.838,-0.06062779628
2021-10-22,2,1113213.638,0.01783363115
2021-10-23,2,1127610.038,0.01293228857
2021-10-24,2,1105086.638,-0.01997445858
2021-10-25,2,1126681.238,0.01954109231
2021-10-26,2,1110427.238,-0.01442644064
2021-10-27,2,1042160.438,-0.06147795882
2021-10-28,2,1142470.838,0.09625235842
2021-10-29,2,1231635.638,0.07804558072
2021-10-30,2,1226991.638,-0.003770595667
2021-10-31,2,1218400.238,-0.007002003709
2021-11-01,2,1280397.638,0.05088426452
2021-11-02,2,1287595.838,0.005621847297
2021-11-03,2,1320103.838,0.02524705272
2021-11-04,2,1297580.438,-0.01706183965
2021-11-05,2,1410429.638,0.08696894366
2021-11-06,2,1481018.438,0.05004772879
2021-11-07,2,1508650.238,0.01865729642
2021-11-08,2,1517706.038,0.006002584146
2021-11-09,2,1474749.038,-0.02830390005
2021-11-10,2,1426219.238,-0.03290715827
2021-11-11,2,1459423.838,0.02328155386
2021-11-12,2,1455940.838,-0.00238655825
2021-11-13,2,1508418.038,0.03604349753
2021-11-14,2,1511436.638,0.002001169387
2021-11-15,2,1471962.638,-0.02611687385
2021-11-16,2,1367240.438,-0.0711446047
2021-11-17,2,1342395.038,-0.01817193181
2021-11-18,2,1235118.638,-0.07991418098
2021-11-19,2,1349361.038,0.09249508225
2021-11-20,2,1403463.638,0.04009497716
2021-11-21,2,1356327.038,-0.03358590756
2021-11-22,2,1298973.638,-0.04228581927
2021-11-23,2,1372813.238,0.05684457163
2021-11-24,2,1370955.638,-0.001353133805
2021-11-25,2,1484269.238,0.08265300267
2021-11-26,2,1363989.638,-0.08103624122
2021-11-27,2,1393246.838,0.02144972307
2021-11-28,2,1419717.638,0.01899936126
2021-11-29,2,1447813.838,0.01978999151
2021-11-30,2,1445724.038,-0.001443417617
2021-12-01,2,1457334.038,0.00803057824
2021-12-02,2,1439686.838,-0.01210923477
2021-12-03,2,1381869.038,-0.04015998374
2021-12-04,2,1320568.238,-0.04436078841
2021-12-05,2,1295490.638,-0.01899000694
2021-12-06,2,1364454.038,0.05323342214
2021-12-07,2,1344020.438,-0.01497566018
2021-12-08,2,1410197.438,0.04923809053
2021-12-09,2,1324283.438,-0.06092338398
2021-12-10,2,1282951.838,-0.03121053909
2021-12-11,2,1311048.038,0.02189965295
2021-12-12,2,1324515.638,0.01027239248
2021-12-13,2,1210041.038,-0.08642751865
2021-12-14,2,1226527.238,0.01362449659
2021-12-15,2,1256713.238,0.02461094957
2021-12-16,2,1222115.438,-0.02753038558
2021-12-17,2,1220490.038,-0.001329988927
2021-12-18,2,1239994.838,0.01598112184
2021-12-19,2,1230474.638,-0.007677612607
2021-12-20,2,1217007.038,-0.01094504477
2021-12-21,2,1226991.638,0.008204225357
2021-12-22,2,1239298.238,0.01002989721
2021-12-23,2,1275057.038,0.02885407153
2021-12-24,2,1259035.238,-0.01256555552
2021-12-25,2,1271341.838,0.009774627135
2021-12-26,2,1269019.838,-0.001826416728
2021-12-27,2,1309190.438,0.0316548243
2021-12-28,2,1240691.438,-0.05232164704
2021-12-29,2,1194948.038,-0.03686927999
2021-12-30,2,1204236.038,0.007772722918
2021-12-31,2,1187749.838,-0.01369017326
2021-12-03,3,1000000,-0.1580718699
2021-12-04,3,969403.2963,-0.03059670368
2021-12-05,3,975391.9321,0.006177651532
2021-12-06,3,1016105.389,0.04174061318
2021-12-07,3,1004599.397,-0.01132362158
2021-12-08,3,1041415.262,0.03664730962
2021-12-09,3,968534.6516,-0.06998227573
2021-12-10,3,925981.6671,-0.04393542808
2021-12-11,3,962695.4386,0.03964848637
2021-12-12,3,972368.651,0.01004805049
2021-12-13,3,889725.5208,-0.0849915617
2021-12-14,3,905801.9747,0.01806900394
2021-12-15,3,938181.8404,0.03574717938
2021-12-16,3,920059.7871,-0.01931614167
2021-12-17,3,906835.4416,-0.01437335448
2021-12-18,3,924823.2371,0.01983578793
2021-12-19,3,916889.6137,-0.00857852948
2021-12-20,3,916705.5013,-0.0002008010269
2021-12-21,3,929968.1734,0.01446775664
2021-12-22,3,927683.5391,-0.002456680181
2021-12-23,3,957090.7392,0.03169960322
2021-12-24,3,942992.2339,-0.0147305837
2021-12-25,3,953589.6495,0.01123807306
2021-12-26,3,948160.806,-0.005693060443
2021-12-27,3,954148.1438,0.00631468601
2021-12-28,3,899084.9352,-0.05770928654
2021-12-29,3,862422.863,-0.04077709544
2021-12-30,3,877008.237,0.01691209113
2021-12-31,3,867754.8831,-0.01055104565
2022-01-01,3,890851.6299,0.02661667172
2022-01-02,3,902728.1559,0.01333165434
2022-01-03,3,881943.1798,-0.02302462371
2022-01-04,3,882012.3123,0.00007838649478
2022-01-05,3,825028.525,-0.06460656664
2022-01-06,3,803413.4348,-0.02619920356
2022-01-07,3,756981.2437,-0.05779364529
2022-01-08,3,728054.0118,-0.03821393486
2022-01-09,3,744183.6547,0.02215445922
2022-01-10,3,725295.7955,-0.02538064235
2022-01-11,3,772276.5431,0.06477460362
2022-01-12,3,806749.4862,0.04463808117
2022-01-13,3,779165.6179,-0.03419136763
2022-01-14,3,798134.6719,0.02434534271
2022-01-15,3,803639.7427,0.006897420953
2022-01-16,3,809256.1161,0.006988670551
2022-01-17,3,774369.9179,-0.04310897071
2022-01-18,3,764436.2426,-0.01282807496
2022-01-19,3,747153.6542,-0.02260827969
2022-01-20,3,721730.6949,-0.03402641357
2022-01-21,3,621798.3102,-0.1384621514
2022-01-22,3,582723.9262,-0.06284092976
2022-01-23,3,617281.6102,0.05930369834
2022-01-24,3,594491.8919,-0.03691948357
2022-01-25,3,605552.1024,0.01860447658
2022-01-26,3,600376.9672,-0.008546143446
2022-01-27,3,602985.7712,0.004345276612
2022-01-28,3,619372.4972,0.02717597451
2022-01-29,3,630099.4751,0.01731910602
2022-01-30,3,623096.1036,-0.01111470773
2022-01-31,3,634623.6224,0.01850038661
2022-02-01,3,655930.3082,0.03357373572
2022-02-02,3,629345.0204,-0.04053065919
2022-02-03,3,634780.2354,0.008636304085
2022-02-04,3,697037.609,0.09807705106
2022-02-05,3,708039.2168,0.01578337775
2022-02-06,3,718210.2766,0.01436510795
2022-02-07,3,739266.2884,0.02931733569
2022-02-08,3,720731.6551,-0.02507166034
2022-02-09,3,749243.5072,0.03955959454
2022-02-10,3,717896.4104,-0.04183832961
2022-02-11,3,686873.8557,-0.0432131352
2022-02-12,3,687626.7324,0.001096091576
2022-02-13,3,676908.1193,-0.01558783642
2022-02-14,3,689195.1837,0.01815174611
2022-02-15,3,745407.3455,0.08156203527
2022-02-16,3,732950.0786,-0.01671202597
2022-02-17,3,682741.7901,-0.06850164826
2022-02-18,3,663458.9609,-0.0282432239
2022-02-19,3,661351.407,-0.003176615309
2022-02-20,3,628222.9316,-0.05009209189
2022-02-21,3,605889.7372,-0.03554979163
2022-02-22,3,626772.8724,0.03446689042
2022-02-23,3,612939.6289,-0.02207058437
2022-02-24,3,612934.8074,-0.000007866121629
2022-02-25,3,647671.2679,0.05667235742
2022-02-26,3,648616.5763,0.001459549744
2022-02-27,3,615486.0645,-0.05107873124
2022-02-28,3,683291.6343,0.1101658894
2022-03-01,3,699499.6493,0.02372049387
2022-03-02,3,695349.1954,-0.005933461005
2022-02-02,4,1000000,0
2022-02-03,4,1011112.13,0.01111212983
2022-02-04,4,1126203.41,0.113826426
2022-02-05,4,1121028.59,-0.00459492482
2022-02-06,4,1147982.15,0.02404359732
2022-02-07,4,1187386.243,0.03432465672
2022-02-08,4,1192867.214,0.004615996558
2022-02-09,4,1201769.924,0.00746328669
2022-02-10,4,1178083.364,-0.0197097294
2022-02-11,4,1147797.194,-0.02570800245
2022-02-12,4,1143588.974,-0.003666344562
2022-02-13,4,1139155.304,-0.003876978619
2022-02-14,4,1152176.864,0.0114308909
2022-02-15,4,1206494.041,0.04714308974
2022-02-16,4,1188353.568,-0.01503569268
2022-02-17,4,1097633.553,-0.07634092795
2022-02-18,4,1083019.461,-0.01331418166
2022-02-19,4,1085845.146,0.002609080816
2022-02-20,4,1040153.552,-0.04207929174
2022-02-21,4,1002873.609,-0.03584080653
2022-02-22,4,1035940.469,0.03297211103
2022-02-23,4,1009415.249,-0.02560496552
2022-02-24,4,1038516.139,0.02882945351
2022-02-25,4,1062771.349,0.02335564088
2022-02-26,4,1060016.179,-0.0025924391
2022-02-27,4,1021576.949,-0.03626287103
2022-02-28,4,1169326.219,0.1446286255
2022-03-01,4,1203433.999,0.02916874644
2022-03-02,4,1189143.029,-0.01187515893
2022-03-03,4,1150177.259,-0.03276794216
2022-03-04,4,1060721.189,-0.07777589869
2022-03-05,4,1067495.339,0.006386362475
2022-03-06,4,1040998.429,-0.02482156973
2022-03-07,4,1029252.389,-0.01128343681
2022-03-08,4,1049388.249,0.01956357858
2022-03-09,4,1136238.419,0.08276266678
2022-03-10,4,1068085.969,-0.05998076534
2022-03-11,4,1049340.519,-0.01755050674
2022-03-12,4,1051452.789,0.002012950002
2022-03-13,4,1023589.099,-0.02650018173
2022-03-14,4,1074801.669,0.05003235188
2022-03-15,4,1064271.909,-0.009796933053
2022-03-16,4,1113937.079,0.04666586571
2022-03-17,4,1108680.489,-0.004718929011
2022-03-18,4,1131476.959,0.02056180317
2022-03-19,4,1143466.619,0.01059646854
2022-03-20,4,1118018.887,-0.02225489731
2022-03-21,4,1111031.297,-0.006249975125
2022-03-22,4,1147881.667,0.03316771553
2022-03-23,4,1161951.037,0.01225681218
2022-03-24,4,1191960.697,0.02582695746
2022-03-25,4,1200637.977,0.007279837349
2022-03-26,4,1206029.807,0.004490804142
2022-03-27,4,1268725.687,0.05198534866
2022-03-28,4,1276713.107,0.006295624092
2022-03-29,4,1285220.627,0.006663611389
2022-03-30,4,1275302.037,-0.007717422046
2022-03-31,4,1233141.207,-0.03305948613
2022-04-01,4,1254189.957,0.01706921307
2022-04-02,4,1241421.287,-0.01018081028
2022-04-03,4,1257600.877,0.0130331179
2022-04-04,4,1262273.787,0.003715733732
2022-04-05,4,1232919.791,-0.0232548564
2022-04-06,4,1169850.128,-0.05115471752
2022-04-07,4,1177299.248,0.006367584893
2022-04-08,4,1145075.588,-0.02737083207
2022-04-09,4,1158694.688,0.01189362532
2022-04-10,4,1142570.918,-0.01391546036
2022-04-11,4,1071380.818,-0.06230694209
2022-04-12,4,1086129.968,0.01376648691
2022-04-13,4,1115187.538,0.02675330841
2022-04-14,4,1082545.168,-0.02927074496
2022-04-15,4,1099020.788,0.01521933726
2022-04-16,4,1094363.398,-0.004237763337
2022-04-17,4,1075376.228,-0.01734996807
2022-04-18,4,1105764.998,0.02825873329
2022-04-19,4,1124496.558,0.01693991042
2022-04-20,4,1120826.098,-0.003264091806
2022-04-21,4,1097022.778,-0.02123729993
2022-04-22,4,1076189.178,-0.01899103685
2022-04-23,4,1068935.158,-0.006740469195
2022-04-24,4,1069153.438,0.0002042032189
2022-04-25,4,1095589.708,0.02472635739
2022-04-26,4,1032930.148,-0.05719254167
2022-04-27,4,1063332.328,0.02943294866
2022-04-28,4,1077051.748,0.01290228807
2022-04-29,4,1045991.028,-0.0288386515
2022-04-05,5,1000000,0
2022-04-06,5,930025.5352,-0.06997446481
2022-04-07,5,947266.3492,0.01853800064
2022-04-08,5,937026.4492,-0.01080994802
2022-04-09,5,956432.4892,0.02071023717
2022-04-10,5,940136.6992,-0.0170380975
2022-04-11,5,874639.2992,-0.06966795367
2022-04-12,5,888736.8592,0.01611814152
2022-04-13,5,915317.9192,0.02990880791
2022-04-14,5,887075.9192,-0.03085485317
2022-04-15,5,892527.6592,0.0061457423
2022-04-16,5,898018.4792,0.006151988618
2022-04-17,5,877113.0592,-0.02327949868
2022-04-18,5,896921.1592,0.02258329162
2022-04-19,5,910477.1892,0.01511395942
2022-04-20,5,902926.5992,-0.008293002933
2022-04-21,5,875795.3192,-0.03004815677
2022-04-22,5,869591.7492,-0.007083355967
2022-04-23,5,860972.7692,-0.009911524584
2022-04-24,5,857441.0792,-0.004101976423
2022-04-25,5,882544.2392,0.02927683384
2022-04-26,5,824782.6892,-0.06544890039
2022-04-27,5,848036.2206,0.02819352505
2022-04-28,5,862154.6306,0.0166483573
2022-04-29,5,826996.8306,-0.04077899573
2022-04-30,5,800425.5206,-0.0321298813
2022-05-01,5,829234.6706,0.03599229317
2022-05-02,5,838529.9606,0.01120948066
2022-05-03,5,816579.4406,-0.02617738308
2022-05-04,5,863223.6606,0.05712147243
2022-05-05,5,806674.5506,-0.06550922152
2022-05-06,5,790527.1906,-0.02001719279
2022-05-07,5,773622.3606,-0.02138424864
2022-05-08,5,739704.3706,-0.04384308382
2022-05-09,5,654155.2906,-0.1156530682
2022-05-10,5,687502.7906,0.05097795658
2022-05-11,5,611993.8106,-0.1098307978
2022-05-12,5,575426.2006,-0.05975160103
2022-05-13,5,590007.3106,0.02533966994
2022-05-14,5,603741.9806,0.02327881325
2022-05-15,5,629825.3106,0.04320277675
2022-05-16,5,594126.9206,-0.05667982757
2022-05-17,5,613811.5006,0.03313194423
2022-05-18,5,562283.7706,-0.08394715634
2022-05-19,5,592962.2906,0.05456056462
2022-05-20,5,575224.9806,-0.02991304891
2022-05-21,5,579950.8506,0.00821568979
2022-05-22,5,599938.0106,0.03446354114
2022-05-23,5,579457.3006,-0.03413804366
2022-05-24,5,581286.0706,0.003156004762
2022-05-25,5,570499.1306,-0.01855702475
2022-05-26,5,526341.1306,-0.07740239666
2022-05-27,5,507302.2506,-0.03617213038
2022-05-28,5,526356.2006,0.03755936422
2022-05-29,5,532625.4606,0.01191067949
2022-05-30,5,586935.4806,0.1019666239
2022-05-31,5,570266.0406,-0.02840080478
2022-06-01,5,533866.6906,-0.06382871749
2022-06-02,5,538624.3806,0.008911756594
2022-06-03,5,521310.3006,-0.03214499868
2022-06-04,5,529952.8806,0.01657857132
2022-06-05,5,530427.5306,0.0008956456647
2022-06-06,5,546119.2606,0.02958317413
2022-06-07,5,532472.6306,-0.02498836973
2022-06-08,5,526180.5806,-0.01181666369
2022-06-09,5,525286.6706,-0.001698865433
2022-06-10,5,488383.9706,-0.07025249653
2022-06-11,5,450222.1106,-0.07813905103
2022-06-12,5,421433.0606,-0.0639441052
2022-06-13,5,355375.0006,-0.1567462693
2022-06-14,5,355105.4406,-0.0007585226861
2022-06-15,5,363533.5006,0.02373396472
2022-06-16,5,313917.0406,-0.1364838727
2022-06-17,5,319342.3606,0.01728265528
2022-06-18,5,292366.8306,-0.08447213189
2022-06-19,5,331525.4306,0.1339365342
2022-06-20,5,331446.0606,-0.0002394084818
2022-06-21,5,330760.1906,-0.002069326149
2022-06-22,5,308569.0106,-0.06709144762
2022-06-23,5,336324.3006,0.08994840392
2022-06-24,5,359897.4006,0.07009038586
2022-06-25,5,364976.0206,0.01411129948
2022-06-26,5,351893.8106,-0.03584402608
2022-06-27,5,350346.3706,-0.004397462966
2022-06-28,5,336119.9906,-0.04060661447
2022-06-29,5,323246.0706,-0.03830156004
2022-06-30,5,314690.0706,-0.02646899925
2022-07-01,5,311374.2306,-0.01053684342
2022-07-02,5,313512.8706,0.006868391119
2022-06-03,6,1000000,0
2022-06-04,6,1008939.629,0.00893962872
2022-06-05,6,1001574.029,-0.007300337692
2022-06-06,6,988182.0287,-0.01337095373
2022-06-07,6,972111.6287,-0.01626259083
2022-06-08,6,966085.2287,-0.006199288047
2022-06-09,6,970772.4287,0.004851745851
2022-06-10,6,959054.4287,-0.01207080017
2022-06-11,6,903812.4287,-0.05760048475
2022-06-12,6,853257.6287,-0.05593505731
2022-06-13,6,746791.2287,-0.1247763822
2022-06-14,6,746791.2287,0
2022-06-15,6,782280.0287,0.04752171509
2022-06-16,6,703936.8287,-0.1001472582
2022-06-17,6,722685.6287,0.02663420812
2022-06-18,6,659743.2287,-0.08709513168
2022-06-19,6,720342.0287,0.09185209846
2022-06-20,6,725029.2287,0.006506908959
2022-06-21,6,737082.0287,0.01662388152
2022-06-22,6,717998.4287,-0.02589074113
2022-06-23,6,766544.4287,0.06761296134
2022-06-24,6,804376.8287,0.04935447781
2022-06-25,6,802702.8287,-0.00208111415
2022-06-26,6,783284.4287,-0.02419126893
2022-06-27,6,782949.6287,-0.0004274309404
2022-06-28,6,759848.4287,-0.02950534639
2022-06-29,6,735742.8287,-0.03172422169
2022-06-30,6,735408.0287,-0.0004550503069
2022-07-01,6,726368.4287,-0.01229195174
2022-07-02,6,731055.6287,0.006452923633
2022-07-03,6,734068.8287,0.004121710964
2022-07-04,6,775249.2287,0.05609882669
2022-07-05,6,772905.6287,-0.003023027838
2022-07-06,6,799020.0287,0.03378730731
2022-07-07,6,808394.4287,0.01173237173
2022-07-08,6,806050.8287,-0.002899079851
2022-07-09,6,814755.6287,0.01079931896
2022-07-10,6,785962.8287,-0.03533918513
2022-07-11,6,755496.0287,-0.03876366526
2022-07-12,6,738756.0287,-0.02215762805
2022-07-13,6,771901.2287,0.04486623284
2022-07-14,6,798685.2287,0.03469873995
2022-07-15,6,798685.2287,0
2022-07-16,6,836517.6287,0.04736834818
2022-07-17,6,829821.6287,-0.008004613137
2022-07-18,6,884394.0287,0.06576401254
2022-07-19,6,899460.0287,0.01703539317
2022-07-20,6,864640.8287,-0.0387112255
2022-07-21,6,889416.0287,0.02865374752
2022-07-22,6,878702.4287,-0.01204565654
2022-07-23,6,867988.8287,-0.01219252349
2022-07-24,6,875354.4287,0.008485823499
2022-07-25,6,819108.0287,-0.06425557255
2022-07-26,6,835178.4287,0.01961939016
2022-07-27,6,909504.0287,0.08899367781
2022-07-28,6,928252.8287,0.02061431221
2022-07-29,6,983160.0287,0.05915112597
2022-07-30,6,963741.6287,-0.01975100638
2022-07-31,6,949010.4287,-0.0152854246
2022-08-01,6,948340.8287,-0.0007055770724
2022-08-02,6,950349.6287,0.002118225789
2022-08-03,6,996217.2287,0.04826392163
2022-08-04,6,1044093.629,0.04805819315
2022-08-05,6,1057820.429,0.0131470968
2022-08-06,6,1055476.829,-0.002215498904
2022-08-07,6,1080921.629,0.02410739801
2022-08-08,6,1087952.429,0.006504449364
2022-08-09,6,1086278.429,-0.001538670217
2022-08-10,6,1101009.629,0.01356116407
2022-08-11,6,1083600.029,-0.01581239577
2022-08-12,6,1097996.429,0.01328571393
2022-08-13,6,1085943.629,-0.01097708488
2022-08-14,6,1063512.029,-0.02065632083
2022-08-15,6,1069873.229,0.005981314577
2022-08-16,6,1058490.029,-0.01063976525
2022-08-17,6,1027688.429,-0.02909956557
2022-08-18,6,998226.0287,-0.0286686112
2022-08-19,6,934614.0287,-0.0637250464
2022-08-20,6,950014.8287,0.01647824613
2022-08-21,6,1010948.429,0.06413963041
2022-08-22,6,1004587.229,-0.006292309102
2022-08-23,6,1002243.629,-0.002332898461
2022-08-24,6,992534.4287,-0.009687464925
2022-08-25,6,1008604.829,0.01619127713
2022-08-26,6,936288.0287,-0.0716998352
2022-08-27,6,930596.4287,-0.006078898614
2022-08-28,6,925909.2287,-0.005036769813
2022-08-29,6,957380.4287,0.03398950893
2022-08-30,6,942984.0287,-0.01503728253
2022-08-03,7,1000000,0
2022-08-04,7,993606.7595,-0.006393240472
2022-08-05,7,1073123.485,0.08002836587
2022-08-06,7,1044609.115,-0.02657137823
2022-08-07,7,1050556.545,0.005693450225
2022-08-08,7,1097987.565,0.04514846938
2022-08-09,7,1052148.635,-0.04174813219
2022-08-10,7,1145216.005,0.08845458419
2022-08-11,7,1161619.745,0.01432370831
2022-08-12,7,1209818.475,0.04149269175
2022-08-13,7,1225395.665,0.01287564236
2022-08-14,7,1195604.785,-0.02431123339
2022-08-15,7,1173246.135,-0.01870070301
2022-08-16,7,1159417.905,-0.01178629922
2022-08-17,7,1133207.965,-0.02260611975
2022-08-18,7,1140663.145,0.006578827745
2022-08-19,7,994123.6848,-0.128468655
2022-08-20,7,973799.5948,-0.02044422672
2022-08-21,7,999841.9248,0.02674300764
2022-08-22,7,1003863.335,0.004022045786
2022-08-23,7,1029003.285,0.02504319973
2022-08-24,7,1023531.235,-0.005317815872
2022-08-25,7,1047335.785,0.02325727754
2022-08-26,7,931913.5748,-0.1102055441
2022-08-27,7,921343.7348,-0.0113420818
2022-08-28,7,881665.0348,-0.04306612017
2022-08-29,7,958852.3148,0.08754717149
2022-08-30,7,942046.5448,-0.017526964
2022-08-31,7,960244.6148,0.01931759115
2022-09-01,7,980022.0348,0.0205962311
2022-09-02,7,973349.0648,-0.006808999964
2022-09-03,7,962312.1348,-0.01133912838
2022-09-04,7,975780.2748,0.01399560445
2022-09-05,7,999538.3148,0.02434773546
2022-09-06,7,963207.2848,-0.03634781125
2022-09-07,7,1007073.715,0.04554204551
2022-09-08,7,1010393.405,0.003296372402
2022-09-09,7,1061569.625,0.05064979617
2022-09-10,7,1096066.955,0.03249653079
2022-09-11,7,1091119.185,-0.004514112918
2022-09-12,7,1060424.805,-0.02813109734
2022-09-13,7,972762.5148,-0.08266714396
2022-09-14,7,1012251.945,0.04059513951
2022-09-15,7,910019.2648,-0.1009952913
2022-09-16,7,886064.0148,-0.02632389327
2022-09-17,7,907632.6248,0.02434204486
2022-09-18,7,824705.5848,-0.09136630585
2022-09-19,7,850315.3748,0.03105325157
2022-09-20,7,817561.1248,-0.03852011968
2022-09-21,7,769950.3748,-0.05823509528
2022-09-22,7,819775.1348,0.06471165108
2022-09-23,7,820268.1648,0.0006014210227
2022-09-24,7,814014.9248,-0.007623409354
2022-09-25,7,800132.0248,-0.017054847
2022-09-26,7,825769.4048,0.03204143717
2022-09-27,7,820725.6548,-0.006107940026
2022-09-28,7,826426.9148,0.006946608732
2022-09-29,7,825511.4148,-0.001107780959
2022-09-30,7,821207.5548,-0.005213568126
2022-10-01,7,810754.1448,-0.01272931543
2022-10-02,7,789123.1548,-0.02668008562
2022-10-03,7,817742.2448,0.03626695
2022-10-04,7,841472.2448,0.02901892393
2022-10-05,7,835732.3148,-0.006821294505
2022-10-06,7,835617.1348,-0.000137819249
2022-10-07,7,822666.0148,-0.01549886839
2022-10-08,7,813004.8748,-0.0117436965
2022-10-09,7,817732.1248,0.005814540781
2022-10-10,7,797282.6248,-0.02500757813
2022-10-11,7,791161.5848,-0.007677377895
2022-10-12,7,800001.1948,0.01117295148
2022-10-13,7,795462.8748,-0.005672891527
2022-10-14,7,801124.3048,0.007117151761
2022-10-15,7,787946.5548,-0.01644907029
2022-10-16,7,807109.2648,0.02431980936
2022-10-17,7,822824.3148,0.0194707838
2022-10-18,7,810048.5848,-0.0155266802
2022-10-19,7,794236.6448,-0.01951974276
2022-10-20,7,792669.8048,-0.001972762161
2022-10-21,7,803274.2648,0.01337815561
2022-10-22,7,811827.0848,0.0106474468
2022-10-23,7,843063.5148,0.03847670346
2022-10-24,7,830351.8848,-0.01507790312
2022-10-25,7,902044.4948,0.08634003404
2022-10-26,7,967692.6148,0.07277703082
2022-10-27,7,935563.7648,-0.03320150377
2022-10-28,7,960510.6848,0.02666511994
2022-10-29,7,1000728.065,0.04187083042
2022-10-30,7,982803.5948,-0.01791142932
2022-10-31,7,971900.6448,-0.01109372214
2022-10-03,8,1000000,0
2022-10-04,8,1035338.855,0.0353388546
2022-10-05,8,1026360.855,-0.008671557104
2022-10-06,8,1016481.355,-0.009625756824
2022-10-07,8,994952.3546,-0.02117992613
2022-10-08,8,989345.8546,-0.005634943195
2022-10-09,8,990398.8546,0.001064339629
2022-10-10,8,975041.3546,-0.015506379
2022-10-11,8,971447.8546,-0.003685484706
2022-10-12,8,976224.3546,0.004916887692
2022-10-13,8,987204.3546,0.01124741454
2022-10-14,8,977294.3546,-0.01003844843
2022-10-15,8,971917.3546,-0.005501924752
2022-10-16,8,981596.8546,0.009959180124
2022-10-17,8,995940.8546,0.01461292376
2022-10-18,8,984819.8546,-0.01116632574
2022-10-19,8,974646.3546,-0.01033031569
2022-10-20,8,970543.8546,-0.004209219047
2022-10-21,8,976666.3546,0.006308318754
2022-10-22,8,978665.3546,0.002046758333
2022-10-23,8,996967.8546,0.01870148965
2022-10-24,8,984933.8546,-0.01207059981
2022-10-25,8,1022451.355,0.03809139043
2022-10-26,8,1057027.355,0.03381676776
2022-10-27,8,1033203.355,-0.02253867877
2022-10-28,8,1048039.855,0.01435970947
2022-10-29,8,1058931.355,0.01039225746
2022-10-30,8,1049821.855,-0.008602540628
2022-10-31,8,1042984.855,-0.006512533503
2022-11-01,8,1042628.855,-0.0003413280628
2022-11-02,8,1026039.855,-0.01591074324
2022-11-03,8,1028838.855,0.002727964209
2022-11-04,8,1075873.855,0.04571658602
2022-11-05,8,1083416.355,0.007010580253
2022-11-06,8,1063726.855,-0.01817353035
2022-11-07,8,1048004.355,-0.01478058012
2022-11-08,8,945809.3546,-0.09751390779
2022-11-09,8,814588.3546,-0.1387393763
2022-11-10,8,900182.1023,0.1050760758
2022-11-11,8,873109.2623,-0.03007484811
2022-11-12,8,859939.5323,-0.01508371354
2022-11-13,8,835345.8023,-0.02859937132
2022-11-14,8,850115.9123,0.017681432
2022-11-15,8,864452.5223,0.01686430026
2022-11-16,8,852324.2123,-0.01403004756
2022-11-17,8,853844.0123,0.001783124283
2022-11-18,8,854246.4023,0.0004712687496
2022-11-19,8,854258.1323,0.00001373140111
2022-11-20,8,832815.1823,-0.02510125358
2022-11-21,8,807369.2423,-0.03055412598
2022-11-22,8,830097.3923,0.02815087423
2022-11-23,8,849282.0623,0.02311134835
2022-11-24,8,849069.9023,-0.0002498109985
2022-11-25,8,845152.5923,-0.004613648404
2022-11-26,8,841910.5223,-0.003836076502
2022-11-27,8,840391.2323,-0.001804574191
2022-11-28,8,829381.8623,-0.01310029136
2022-11-29,8,841092.4823,0.01411969628
2022-11-30,8,877869.0923,0.04372481121
2022-12-01,8,868369.3223,-0.01082139704
2022-12-02,8,874253.1923,0.006775769075
2022-12-03,8,863668.6523,-0.01210695036
2022-12-04,8,874914.1523,0.01302061846
2022-12-05,8,867807.3023,-0.008122911238
2022-12-06,8,874060.4123,0.007205643446
2022-12-07,8,861192.0923,-0.01472246062
2022-12-08,8,880952.5523,0.02294547311
2022-12-09,8,876080.0123,-0.005530990275
2022-12-10,8,876025.4423,-0.00006228883119
2022-12-11,8,873861.0023,-0.002470750158
2022-12-12,8,880224.7823,0.007282370976
2022-12-13,8,909033.1523,0.03272842412
2022-12-14,8,910484.1023,0.001596146407
2022-12-15,8,887696.7923,-0.02502768576
2022-12-16,8,850761.5723,-0.04160792325
2022-12-17,8,858125.9723,0.008656244287
2022-12-18,8,856172.1623,-0.002276833545
2022-12-19,8,840906.3323,-0.01783032744
2022-12-20,8,864197.0123,0.02769711572
2022-12-21,8,860581.6223,-0.004183525225
2022-12-22,8,860416.3823,-0.0001920096778
2022-12-23,8,858226.9523,-0.002544616822
2022-12-24,8,861165.5723,0.003424059326
2022-12-25,8,860961.0623,-0.0002374804644
2022-12-26,8,865412.3423,0.005170129283
2022-12-27,8,854547.8123,-0.01255416576
2022-12-28,8,846436.2623,-0.009492213172
2022-12-29,8,850830.4223,0.005191365488
2022-12-30,8,849504.9323,-0.001557878004
2022-12-31,8,846185.8523,-0.003907075608
2022-12-03,9,1000000,0
2022-12-04,9,1012987.429,0.01298742922
2022-12-05,9,1004725.779,-0.008155728059
2022-12-06,9,1011983.589,0.007223672519
2022-12-07,9,997016.4292,-0.01478992363
2022-12-08,9,1019999.256,0.02305160241
2022-12-09,9,1014310.636,-0.005577082502
2022-12-10,9,1014262.806,-0.00004715517941
2022-12-11,9,1011736.966,-0.002490321035
2022-12-12,9,1019090.566,0.007268292304
2022-12-13,9,1052492.876,0.03277658643
2022-12-14,9,1054126.926,0.001552552077
2022-12-15,9,1027647.736,-0.02511954619
2022-12-16,9,984608.9355,-0.04188088828
2022-12-17,9,993212.7955,0.008738352547
2022-12-18,9,990979.9055,-0.002248148645
2022-12-19,9,973246.5555,-0.01789476245
2022-12-20,9,1000332.916,0.02783093333
2022-12-21,9,996123.2855,-0.004208229015
2022-12-22,9,995938.3855,-0.0001856195942
2022-12-23,9,993411.6755,-0.002537014374
2022-12-24,9,996805.2955,0.00341612655
2022-12-25,9,996559.7055,-0.000246377102
2022-12-26,9,1001732.826,0.005190978495
2022-12-27,9,989140.5355,-0.0125705075
2022-12-28,9,979704.9855,-0.009539139951
2022-12-29,9,984816.3055,0.005217203215
2022-12-30,9,983279.8955,-0.001560098052
2022-12-31,9,979434.4555,-0.003910829477
2023-01-01,9,983821.9255,0.004479595317
2023-01-02,9,987163.5255,0.003396549633
2023-01-03,9,987304.5155,0.0001428233483
2023-01-04,9,997776.0355,0.01060617047
2023-01-05,9,996663.8255,-0.001114689029
2023-01-06,9,1003721.626,0.007081424869
2023-01-07,9,1003299.366,-0.0004206943332
2023-01-08,9,1014277.286,0.01094181894
2023-01-09,9,1017303.916,0.002984026206
2023-01-10,9,1032833.976,0.01526590015
2023-01-11,9,1062625.716,0.02884465529
2023-01-12,9,1115988.616,0.05021796407
2023-01-13,9,1180003.186,0.05736131096
2023-01-14,9,1240715.876,0.05145129331
2023-01-15,9,1235787.736,-0.003972013333
2023-01-16,9,1254358.626,0.01502757267
2023-01-17,9,1251337.926,-0.002408162975
2023-01-18,9,1224195.786,-0.02169049579
2023-01-19,9,1247559.786,0.01908518251
2023-01-20,9,1341958.226,0.07566646592
2023-01-21,9,1348734.166,0.005049292795
2023-01-22,9,1344287.196,-0.003297143435
2023-01-23,9,1356598.926,0.009158556327
2023-01-24,9,1339709.046,-0.01245016466
2023-01-25,9,1365102.336,0.01895433198
2023-01-26,9,1362045.726,-0.002239106857
2023-01-27,9,1365858.076,0.002798988263
2023-01-28,9,1362757.396,-0.002270133373
2023-01-29,9,1405409.336,0.03129826346
2023-01-30,9,1351159.446,-0.03860077532
2023-01-31,9,1368856.726,0.01309784723
2023-02-01,9,1404833.696,0.02628249497
2023-02-02,9,1390483.096,-0.01021515931
2023-02-03,9,1387193.336,-0.002365911539
2023-02-04,9,1380993.316,-0.004469470723
2023-02-05,9,1357666.326,-0.01689145757
2023-02-06,9,1347569.856,-0.007436635799
2023-02-07,9,1375916.596,0.02103545125
2023-02-08,9,1359486.056,-0.01194152324
2023-02-09,9,1290355.546,-0.05085047376
2023-02-10,9,1280190.926,-0.00787737925
2023-02-11,9,1294264.466,0.01099331336
2023-02-12,9,1289564.316,-0.003631522092
2023-02-13,9,1288907.306,-0.00050948215
2023-02-14,9,1314142.176,0.0195784987
2023-02-15,9,1439793.786,0.09561492838
2023-02-16,9,1392094.156,-0.03312948735
2023-02-17,9,1454323.366,0.04470186859
2023-02-18,9,1457989.686,0.002520979919
2023-02-19,9,1436694.736,-0.01460569318
2023-02-20,9,1470413.336,0.02346956467
2023-02-21,9,1447298.356,-0.01572005602
2023-02-22,9,1431341.666,-0.0110251559
2023-02-23,9,1417061.456,-0.009976800329
2023-02-24,9,1372412.306,-0.03150826651
2023-02-25,9,1370721.286,-0.001232151587
2023-02-26,9,1394309.066,0.01720829774
2023-02-27,9,1390574.006,-0.002678789153
2023-02-28,9,1369824.086,-0.01492183797
2023-03-01,9,1398705.866,0.02108429856
2023-03-02,9,1389004.196,-0.00693617596
2023-02-02,10,1000000,0
2023-02-03,10,1004458.152,0.004458152332
2023-02-04,10,998932.7845,-0.005500844279
2023-02-05,10,991072.0905,-0.007869091986
2023-02-06,10,980490.3871,-0.01067702695
2023-02-07,10,1006793.478,0.02682646531
2023-02-08,10,992281.428,-0.01441412833
2023-02-09,10,925767.8637,-0.06703094754
2023-02-10,10,924558.5261,-0.001306307532
2023-02-11,10,938465.9078,0.01504218634
2023-02-12,10,945117.2642,0.007087477957
2023-02-13,10,889790.072,-0.05854002911
2023-02-14,10,895534.4253,0.006455852301
2023-02-15,10,959629.3146,0.07157166432
2023-02-16,10,920325.8448,-0.04095692914
2023-02-17,10,946326.6017,0.0282516862
2023-02-18,10,956908.3052,0.01118187252
2023-02-19,10,941791.586,-0.01579745843
2023-02-20,10,953582.6269,0.01251979857
2023-02-21,10,941791.586,-0.01236499137
2023-02-22,10,944512.5954,0.002889184286
2023-02-23,10,932116.8857,-0.01312392209
2023-02-24,10,913976.8227,-0.01946114622
2023-02-25,10,914279.1571,0.0003307899893
2023-02-26,10,933326.2233,0.02083287802
2023-02-27,10,920930.5135,-0.01328121873
2023-02-28,10,911255.8133,-0.01050535315
2023-03-01,10,915186.1603,0.004313110465
2023-03-02,10,906418.4631,-0.009580233508
2023-03-03,10,877999.0311,-0.03135354496
2023-03-04,10,875580.356,-0.002754758242
2023-03-05,10,872859.3466,-0.003107663885
2023-03-06,10,870138.3371,-0.003117351566
2023-03-07,10,874673.3529,0.005211833058
2023-03-08,10,868021.9964,-0.007604389013
2023-03-09,10,837788.5581,-0.03483026751
2023-03-10,10,838695.5613,0.001082615824
2023-03-11,10,834462.8799,-0.005046743494
2023-03-12,10,871045.3403,0.04383952992
2023-03-13,10,930907.5482,0.06872456019
2023-03-14,10,932419.2201,0.001623869008
2023-03-15,10,926070.1981,-0.006809192597
2023-03-16,10,995909.4406,0.07541463132
2023-03-17,10,1024631.207,0.02883973708
2023-03-18,10,1000746.791,-0.02331025653
2023-03-19,10,1017979.851,0.01722019997
2023-03-20,10,1005281.807,-0.01247376762
2023-03-21,10,1011026.16,0.005714172133
2023-03-22,10,970815.6868,-0.03977194121
2023-03-23,10,995909.4406,0.02584811325
2023-03-24,10,973839.0306,-0.02216106112
2023-03-25,10,974746.0338,0.0009313686571
2023-03-26,10,993490.7655,0.01923037501
2023-03-27,10,939070.5765,-0.05477674368
2023-03-28,10,946931.2705,0.008370716924
2023-03-29,10,948442.9424,0.001596390323
2023-03-30,10,956605.9708,0.008606767984
2023-03-31,10,958117.6427,0.00158024512
2023-04-01,10,952070.955,-0.006311007541
2023-04-02,10,948442.9424,-0.003810653588
2023-04-03,10,933628.5576,-0.01561969005
2023-04-04,10,939675.2453,0.006476545322
2023-04-05,10,949047.6112,0.009974047877
2023-04-06,10,944210.2611,-0.005097057384
2023-04-07,10,938163.5734,-0.006403963097
2023-04-08,10,938768.2422,0.0006445238165
2023-04-09,10,945721.933,0.00740724974
2023-04-10,10,962954.9928,0.01822212138
2023-04-11,10,974443.6994,0.01193067864
2023-04-12,10,967187.6742,-0.00744632574
2023-04-13,10,981699.7246,0.01500437897
2023-04-14,10,994397.7687,0.01293475366
2023-04-15,10,1006793.478,0.01246554458
2023-04-16,10,1051236.633,0.04414326802
2023-04-17,10,1027956.885,-0.02214510682
2023-04-18,10,1037329.251,0.009117469827
2023-04-19,10,974746.0338,-0.06033110249
2023-04-20,10,961745.6553,-0.01333719557
2023-04-21,10,971118.0212,0.009745160619
2023-04-22,10,1004374.803,0.03424587068
2023-04-23,10,999839.7876,-0.004515262366
2023-04-24,10,1001351.46,0.001511914144
2023-04-25,10,1023119.535,0.02173869664
2023-04-26,10,999537.4532,-0.02304919523
2023-04-27,10,1000444.456,0.0009074228757
2023-04-28,10,979885.7183,-0.02054960467
2023-04-29,10,973234.3619,-0.006787889966
2023-04-05,11,1000000,0
2023-04-06,11,1000000,0
2023-04-07,11,997213.8519,-0.002786148117
2023-04-08,11,997726.2068,0.0005137863962
2023-04-09,11,997667.1084,-0.00005923311319
2023-04-10,11,1000019.819,0.002358212541
2023-04-11,11,1016551.714,0.01653156665
2023-04-12,11,1007101.448,-0.009296394566
2023-04-13,11,1022727.933,0.01551629661
2023-04-14,11,1028470.231,0.005614687619
2023-04-15,11,1028061.779,-0.0003971444623
2023-04-16,11,1036976.688,0.008671568647
2023-04-17,11,1015221.617,-0.02097932477
2023-04-18,11,1039809.057,0.02421879084
2023-04-19,11,978600.2346,-0.05886544449
2023-04-20,11,966168.0241,-0.01270407469
2023-04-21,11,932960.4314,-0.03437041161
2023-04-22,11,951545.0291,0.01992002774
2023-04-23,11,944500.3118,-0.007403451348
2023-04-24,11,940317.8996,-0.004428174517
2023-04-25,11,963164.8506,0.02429705002
2023-04-26,11,963743.1574,0.0006004234546
2023-04-27,11,993178.9984,0.03054324254
2023-04-28,11,985556.0946,-0.007675256659
2023-04-29,11,985227.1103,-0.0003338057576
2023-04-30,11,984650.5398,-0.0005852158252
2023-05-01,11,950929.0923,-0.03424712236
2023-05-02,11,967689.1411,0.01762491956
2023-05-03,11,981279.1732,0.01404379936
2023-05-04,11,972980.9275,-0.008456559465
2023-05-05,11,1003274.935,0.03113525292
2023-05-06,11,975104.8851,-0.02807809575
2023-05-07,11,962142.0404,-0.0132937953
2023-05-08,11,940120.9175,-0.02288760077
2023-05-09,11,938630.1527,-0.001585715998
2023-05-10,11,937823.1912,-0.0008597225609
2023-05-11,11,915954.5384,-0.02331852416
2023-05-12,11,913890.9028,-0.002252989177
2023-05-13,11,912481.4759,-0.001542226661
2023-05-14,11,916591.5164,0.004504245422
2023-05-15,11,924598.8745,0.008736015927
2023-05-16,11,922153.9479,-0.002644310504
2023-05-17,11,931107.1107,0.009708967509
2023-05-18,11,913841.9102,-0.01854265774
2023-05-19,11,916538.3,0.00295060857
2023-05-20,11,922914.7793,0.006957133472
2023-05-21,11,911958.0969,-0.01187182456
2023-05-22,11,916482.073,0.004960728046
2023-05-23,11,930623.2508,0.01542984655
2023-05-24,11,901700.453,-0.03107895456
2023-05-25,11,905315.703,0.004009369095
2023-05-26,11,913943.9875,0.009530691312
2023-05-27,11,917736.136,0.004149213239
2023-05-28,11,956786.1476,0.0425503694
2023-05-29,11,946672.386,-0.01057055603
2023-05-30,11,946680.6371,0.000008715864883
2023-05-31,11,931106.4344,-0.01645137972
2023-06-01,11,920214.3521,-0.01169799919
2023-06-02,11,936039.2732,0.01719699446
2023-06-03,11,930126.1346,-0.006317190768
2023-06-04,11,930505.2276,0.0004075716161
2023-06-05,11,881815.1962,-0.05232644582
2023-06-06,11,926300.6007,0.05044753668
2023-06-07,11,893855.7323,-0.03502628445
2023-06-08,11,899853.3611,0.006709839821
2023-06-09,11,898338.9989,-0.001682898937
2023-06-10,11,867202.7642,-0.03465978292
2023-06-11,11,868421.6841,0.001405576606
2023-06-12,11,865635.3786,-0.003208470647
2023-06-13,11,869328.7476,0.004266656776
2023-06-14,11,838311.4392,-0.03567960741
2023-06-15,11,850603.2941,0.01466263529
2023-06-16,11,874660.3339,0.02828232618
2023-06-17,11,881139.1269,0.007407210246
2023-06-18,11,876162.435,-0.005648020528
2023-06-19,11,889387.2303,0.01509399937
2023-06-20,11,930693.0765,0.04644303946
2023-06-21,11,981387.4579,0.05446949444
2023-06-22,11,974719.4958,-0.006794423569
2023-06-23,11,996470.981,0.02231563571
2023-06-24,11,988572.3289,-0.007926625249
2023-06-25,11,990672.8323,0.002124784728
2023-06-26,11,980607.8446,-0.01015974944
2023-06-27,11,994424.4584,0.01408984634
2023-06-28,11,971012.3794,-0.02354334594
2023-06-29,11,983048.9071,0.01239585406
2023-06-30,11,995609.2437,0.01277691934
2023-07-01,11,999015.7467,0.003421526043
2023-07-02,11,1000970.825,0.001957004244
2023-06-03,12,1000000,0
2023-06-04,12,1001366.455,0.001366454633
2023-06-05,12,957341.0512,-0.04396532677
2023-06-06,12,1007296.873,0.05218184483
2023-06-07,12,978043.0599,-0.02904189849
2023-06-08,12,982901.4871,0.004967498323
2023-06-09,12,981034.852,-0.001899107021
2023-06-10,12,941845.399,-0.03994705486
2023-06-11,12,941955.318,0.0001167060601
2023-06-12,12,937671.4731,-0.004547821762
2023-06-13,12,944990.5341,0.007805570659
2023-06-14,12,910928.429,-0.03604491671
2023-06-15,12,922340.4941,0.01252794924
2023-06-16,12,947300.2002,0.02706127098
2023-06-17,12,955266.0295,0.008408980941
2023-06-18,12,950330.4583,-0.005166698056
2023-06-19,12,962764.3038,0.01308370717
2023-06-20,12,1004224.737,0.04306394981
2023-06-21,12,1054998.261,0.05055992142
2023-06-22,12,1045673.114,-0.00883901706
2023-06-23,12,1067460.911,0.02083614532
2023-06-24,12,1057091.831,-0.009713778977
2023-06-25,12,1060798.338,0.00350632472
2023-06-26,12,1049024.061,-0.01109944951
2023-06-27,12,1063395.818,0.01370012198
2023-06-28,12,1037235.455,-0.02460077699
2023-06-29,12,1050025.451,0.01233085131
2023-06-30,12,1067313.906,0.01646479553
2023-07-01,12,1072241.039,0.004616386538
2023-07-02,12,1074207.328,0.001833812677
2023-07-03,12,1088247.808,0.01307054942
2023-07-04,12,1074975.312,-0.01219620731
2023-07-05,12,1063531.994,-0.01064519162
2023-07-06,12,1037128.37,-0.02482635634
2023-07-07,12,1052182.227,0.0145149413
2023-07-08,12,1050408.868,-0.001685410745
2023-07-09,12,1046279.152,-0.003931531735
2023-07-10,12,1060738.356,0.01381964239
2023-07-11,12,1066045.838,0.005003572955
2023-07-12,12,1057490.414,-0.008025380636
2023-07-13,12,1107370.641,0.04716849028
2023-07-14,12,1068832.761,-0.03480124707
2023-07-15,12,1068947.408,0.0001072632092
2023-07-16,12,1061575.598,-0.006896325835
2023-07-17,12,1058853.92,-0.002563809802
2023-07-18,12,1048768.894,-0.009524473128
2023-07-19,12,1048760.75,-0.00000776614653
2023-07-20,12,1048038.456,-0.0006887118687
2023-07-21,12,1050647.971,0.002489903887
2023-07-22,12,1043015.712,-0.007264335285
2023-07-23,12,1053299.222,0.00985940139
2023-07-24,12,1026423.185,-0.02551605163
2023-07-25,12,1028086.915,0.001620900914
2023-07-26,12,1033612.083,0.005374222895
2023-07-27,12,1030085.072,-0.00341231657
2023-07-28,12,1034726.345,0.004505718315
2023-07-29,12,1036794.111,0.001998370381
2023-07-30,12,1032388.595,-0.004249171867
2023-07-31,12,1029676.668,-0.002626846969
2023-08-01,12,1045824.422,0.01568235365
2023-08-02,12,1025973.841,-0.01898079627
2023-08-03,12,1025694.467,-0.0002723019691
2023-08-04,12,1023477.242,-0.002161681734
2023-08-05,12,1024406.349,0.0009077944087
2023-08-06,12,1023756.816,-0.0006340573644
2023-08-07,12,1025521.257,0.001723495545
2023-08-08,12,1043090.43,0.01713194451
2023-08-09,12,1038289.238,-0.004602853191
2023-08-10,12,1033988.053,-0.004142568764
2023-08-11,12,1031833.39,-0.002083837669
2023-08-12,12,1032413.087,0.0005618125919
2023-08-13,12,1028279.072,-0.004004225206
2023-08-14,12,1031777.09,0.003401817761
2023-08-15,12,1022388.971,-0.009098980139
2023-08-16,12,1006786.2,-0.01526109139
2023-08-17,12,935618.8473,-0.07068765181
2023-08-18,12,919591.0345,-0.01713070743
2023-08-19,12,922203.8696,0.002841301186
2023-08-20,12,926385.4096,0.00453429017
2023-08-21,12,919005.4625,-0.007966389554
2023-08-22,12,912621.0759,-0.006947060634
2023-08-23,12,930569.4095,0.01966679728
2023-08-24,12,923681.875,-0.00740141949
2023-08-25,12,919703.9534,-0.004306592627
2023-08-26,12,916730.0993,-0.003233490649
2023-08-27,12,921289.8329,0.004973910619
2023-08-28,12,921045.3327,-0.0002653889935
2023-08-29,12,970581.9011,0.05378298614
2023-08-30,12,956453.4682,-0.01455666214
2023-08-03,13,1000000,0
2023-08-04,13,999059.2503,-0.0009407497165
2023-08-05,13,1003582.912,0.004527921759
2023-08-06,13,1001549.312,-0.002026339802
2023-08-07,13,999348.2535,-0.002197654034
2023-08-08,13,1013382.089,0.01404298751
2023-08-09,13,1010761.737,-0.002585748594
2023-08-10,13,1006024.149,-0.00468714674
2023-08-11,13,1001865.114,-0.004134129929
2023-08-12,13,1003212.099,0.001344477244
2023-08-13,13,1000029.588,-0.003172320999
2023-08-14,13,1001923.97,0.001894325566
2023-08-15,13,990403.7099,-0.01149813782
2023-08-16,13,975709.1419,-0.01483694762
2023-08-17,13,911353.5796,-0.06595773221
2023-08-18,13,901528.1635,-0.01078112423
2023-08-19,13,905332.7791,0.004220185025
2023-08-20,13,909945.0067,0.005094510751
2023-08-21,13,894083.1274,-0.01743169001
2023-08-22,13,884228.0015,-0.01102260591
2023-08-23,13,908263.2775,0.02718221546
2023-08-24,13,906169.5369,-0.002305213326
2023-08-25,13,902765.992,-0.003755969174
2023-08-26,13,897415.4067,-0.005926879609
2023-08-27,13,904251.832,0.00761790504
2023-08-28,13,903189.4753,-0.001174846133
2023-08-29,13,941586.7707,0.04251300141
2023-08-30,13,928540.2157,-0.01385592433
2023-08-31,13,897325.3883,-0.03361709793
2023-09-01,13,886920.1441,-0.0115958429
2023-09-02,13,890668.9997,0.004226824343
2023-09-03,13,890278.6797,-0.000438232385
2023-09-04,13,889849.7262,-0.0004818193974
2023-09-05,13,890152.5813,0.0003403441545
2023-09-06,13,890715.6462,0.0006325486878
2023-09-07,13,898755.8315,0.009026657816
2023-09-08,13,890970.2122,-0.008662663558
2023-09-09,13,889685.5473,-0.001441871827
2023-09-10,13,880938.7036,-0.009831387911
2023-09-11,13,849042.3627,-0.03620721938
2023-09-12,13,870115.6198,0.02482003029
2023-09-13,13,877889.2144,0.008933978847
2023-09-14,13,883577.282,0.006479254424
2023-09-15,13,891571.5473,0.009047613053
2023-09-16,13,890630.9138,-0.001055028662
2023-09-17,13,889359.7267,-0.00142728829
2023-09-18,13,893186.2127,0.004302517694
2023-09-19,13,897284.0224,0.004587855966
2023-09-20,13,885824.4397,-0.01277141054
2023-09-21,13,867318.6906,-0.02089098952
2023-09-22,13,870811.3431,0.004026953946
2023-09-23,13,870077.7182,-0.0008424612898
2023-09-24,13,862136.4805,-0.009127044179
2023-09-25,13,867274.4134,0.005959535459
2023-09-26,13,873590.0452,0.007282160889
2023-09-27,13,874119.2203,0.000605747691
2023-09-28,13,896893.3446,0.02605379645
2023-09-29,13,901966.0462,0.005655858243
2023-09-30,13,902104.9013,0.000153947206
2023-10-01,13,928672.8904,0.02945110823
2023-10-02,13,899320.1813,-0.03160715618
2023-10-03,13,895695.6025,-0.004030354219
2023-10-04,13,892152.2917,-0.003955931902
2023-10-05,13,876123.669,-0.01796624048
2023-10-06,13,891643.8917,0.01771464825
2023-10-07,13,886070.9928,-0.006250139701
2023-10-08,13,884347.3555,-0.001945258659
2023-10-09,13,857823.4703,-0.02999260989
2023-10-10,13,858340.9729,0.0006032740285
2023-10-11,13,854793.4767,-0.004132968447
2023-10-12,13,843378.5346,-0.01335403513
2023-10-13,13,849144.0427,0.006836204435
2023-10-14,13,850715.5259,0.00185066744
2023-10-15,13,856920.9118,0.007294313626
2023-10-16,13,878662.7413,0.02537203759
2023-10-17,13,862099.1155,-0.01885094823
2023-10-18,13,859605.2258,-0.002892810873
2023-10-19,13,862280.9739,0.003112763858
2023-10-20,13,876006.1312,0.01591726791
2023-10-21,13,887685.6581,0.01333270002
2023-10-22,13,905023.7272,0.01953176659
2023-10-23,13,956046.4636,0.05637723621
2023-10-24,13,957006.967,0.001004661778
2023-10-25,13,952606.4919,-0.004598164064
2023-10-26,13,959743.9508,0.00749255747
2023-10-27,13,953362.7081,-0.006648901224
2023-10-28,13,954951.681,0.001666703462
2023-10-29,13,963472.7523,0.008923039228
2023-10-30,13,969516.1496,0.006272514979
2023-10-31,13,968394.3951,-0.001157025123
2023-10-03,14,1000000,0
2023-10-04,14,1012577.225,0.01257722474
2023-10-05,14,999322.7447,-0.01308984606
2023-10-06,14,1018067.945,0.01875790389
2023-10-07,14,1018988.825,0.0009045368777
2023-10-08,14,1017562.505,-0.001399740572
2023-10-09,14,1005793.025,-0.01156634599
2023-10-10,14,998593.0247,-0.007158530456
2023-10-11,14,980067.4247,-0.01855170179
2023-10-12,14,975895.3847,-0.004256890796
2023-10-13,14,979580.7047,0.003776347401
2023-10-14,14,979237.9847,-0.0003498639758
2023-10-15,14,990098.1047,0.01109037861
2023-10-16,14,1038576.785,0.04896351156
2023-10-17,14,1034801.465,-0.003635089919
2023-10-18,14,1032068.705,-0.002640854399
2023-10-19,14,1046242.265,0.01373315549
2023-10-20,14,1080634.145,0.03287181292
2023-10-21,14,1089301.505,0.008020623855
2023-10-22,14,1092277.265,0.002731805645
2023-10-23,14,1203068.345,0.101431279
2023-10-24,14,1233766.985,0.02551695432
2023-10-25,14,1254406.505,0.01672886392
2023-10-26,14,1242008.465,-0.00988359033
2023-10-27,14,1232661.425,-0.00752574581
2023-10-28,14,1239464.705,0.005519179771
2023-10-29,14,1255480.745,0.01292173947
2023-10-30,14,1253638.985,-0.001466975904
2023-10-31,14,1259580.425,0.004739354848
2023-11-01,14,1287720.185,0.02234058219
2023-11-02,14,1270445.945,-0.01341459131
2023-11-03,14,1262352.785,-0.006370330067
2023-11-04,14,1274783.225,0.009847041295
2023-11-05,14,1272976.385,-0.001417370393
2023-11-06,14,1274207.945,0.000967464923
2023-11-07,14,1286917.025,0.009974101992
2023-11-08,14,1295038.625,0.006310896386
2023-11-09,14,1333787.945,0.02992136239
2023-11-10,14,1355407.385,0.01620905338
2023-11-11,14,1349228.705,-0.0045585409
2023-11-12,14,1346857.385,-0.001757537467
2023-11-13,14,1325214.185,-0.01606940738
2023-11-14,14,1292391.545,-0.02476780009
2023-11-15,14,1375443.905,0.06426253742
2023-11-16,14,1314435.065,-0.04435574565
2023-11-17,14,1330649.825,0.01233591558
2023-11-18,14,1329000.305,-0.001239634928
2023-11-19,14,1357503.665,0.02144721856
2023-11-20,14,1360704.785,0.002358093082
2023-11-21,14,1299248.105,-0.04516532953
2023-11-22,14,1359248.945,0.04618120264
2023-11-23,14,1355142.785,-0.003020903578
2023-11-24,14,1370237.225,0.01113863437
2023-11-25,14,1372652.825,0.00176290642
2023-11-26,14,1360656.185,-0.00873974816
2023-11-27,14,1353285.905,-0.005416710028
2023-11-28,14,1374028.025,0.01532722681
2023-11-29,14,1375315.745,0.0009371861249
2023-11-30,14,1370611.265,-0.003420654506
2023-12-01,14,1405119.425,0.02517720443
2023-12-02,14,1432761.305,0.0196722638
2023-12-03,14,1451550.065,0.01311367074
2023-12-04,14,1524228.305,0.05006939944
2023-12-05,14,1599188.225,0.0491789319
2023-12-06,14,1588005.545,-0.006992722825
2023-12-07,14,1570381.745,-0.01109807208
2023-12-08,14,1602704.345,0.02058263865
2023-12-09,14,1586238.305,-0.01027390988
2023-12-10,14,1588971.065,0.001722792844
2023-12-11,14,1497671.105,-0.05745854158
2023-12-12,14,1506274.745,0.005744679171
2023-12-13,14,1555833.785,0.03290172671
2023-12-14,14,1561350.065,0.003545545838
2023-12-15,14,1522399.505,-0.02494671815
2023-12-16,14,1534557.785,0.007986261137
2023-12-17,14,1502036.105,-0.02119286763
2023-12-18,14,1548229.505,0.03075385462
2023-12-19,14,1534484.345,-0.008877986085
2023-12-20,14,1584630.185,0.03267927768
2023-12-21,14,1591573.505,0.004381665872
2023-12-22,14,1595434.145,0.002425674962
2023-12-23,14,1585826.465,-0.006021984694
2023-12-24,14,1560242.705,-0.01613276141
2023-12-25,14,1581289.385,0.01348936286
2023-12-26,14,1542870.185,-0.02429612212
2023-12-27,14,1575987.305,0.02146461856
2023-12-28,14,1544844.065,-0.01976109827
2023-12-29,14,1526958.905,-0.01157732383
2023-12-30,14,1529598.785,0.001728848099
2023-12-31,14,1534757.585,0.003372649123
2023-12-03,15,1000000,0
2023-12-04,15,1049711.545,0.04971154536
2023-12-05,15,1101066.272,0.04892270365
2023-12-06,15,1092873.296,-0.00744094701
2023-12-07,15,1082147.066,-0.009814706549
2023-12-08,15,1104105.617,0.02029165136
2023-12-09,15,1092752.246,-0.01028286638
2023-12-10,15,1094734.873,0.001814342154
2023-12-11,15,1031538.846,-0.05772724359
2023-12-12,15,1037168.608,0.005457634913
2023-12-13,15,1071357.964,0.03296412478
2023-12-14,15,1075651.979,0.004008011341
2023-12-15,15,1048278.515,-0.02544825322
2023-12-16,15,1056611.668,0.007949369243
2023-12-17,15,1034223.555,-0.02118859151
2023-12-18,15,1065791.685,0.03052350754
2023-12-19,15,1056051.344,-0.009139066821
2023-12-20,15,1090314.432,0.03244452852
2023-12-21,15,1095399.395,0.004663758242
2023-12-22,15,1098867.872,0.003166404447
2023-12-23,15,1092186.325,-0.00608039171
2023-12-24,15,1074388.011,-0.01629604144
2023-12-25,15,1088739.73,0.01335804025
2023-12-26,15,1062270.257,-0.02431202991
2023-12-27,15,1086212.635,0.02253887629
2023-12-28,15,1064742.098,-0.01976642143
2023-12-29,15,1052158.753,-0.01181820971
2023-12-30,15,1053874.529,0.00163071988
2023-12-31,15,1057276.318,0.003227888419
2024-01-01,15,1104284.266,0.04446136434
2024-01-02,15,1123058.893,0.01700162483
2024-01-03,15,1070272.284,-0.04700252922
2024-01-04,15,1102740.117,0.03033604921
2024-01-05,15,1102610.52,-0.0001175225602
2024-01-06,15,1098012.687,-0.004169951898
2024-01-07,15,1096859.243,-0.001050483357
2024-01-08,15,1171757.787,0.06828455398
2024-01-09,15,1151355.136,-0.01741200395
2024-01-10,15,1167042.183,0.01362485496
2024-01-11,15,1159691.591,-0.006298480238
2024-01-12,15,1071868.695,-0.07572952688
2024-01-13,15,1074019.054,0.002006177474
2024-01-14,15,1045718.006,-0.02635060126
2024-01-15,15,1065159.546,0.0185915701
2024-01-16,15,1081214.453,0.01507277253
2024-01-17,15,1071776.774,-0.008728776607
2024-01-18,15,1035820.41,-0.0335483702
2024-01-19,15,1044137.624,0.008029590736
2024-01-20,15,1044853.678,0.0006857846638
2024-01-21,15,1041884.775,-0.002841453009
2024-01-22,15,991247.4359,-0.04860166905
2024-01-23,15,998546.7455,0.007363761365
2024-01-24,15,1003017.531,0.004477292385
2024-01-25,15,999825.5288,-0.003182399406
2024-01-26,15,1045851.407,0.04603390934
2024-01-27,15,1053127.094,0.0069567126
2024-01-28,15,1050827.635,-0.002183457988
2024-01-29,15,1082518.556,0.03015805807
2024-01-30,15,1073926.185,-0.007937389147
2024-01-31,15,1064473.963,-0.008801556746
2024-02-01,15,1076967.48,0.01173679888
2024-02-02,15,1079880.075,0.002704441274
2024-02-03,15,1075132.343,-0.004396536875
2024-02-04,15,1064631.029,-0.009767461444
2024-02-05,15,1067807.54,0.002983673397
2024-02-06,15,1078054.14,0.009595923523
2024-02-07,15,1109146.158,0.02884086947
2024-02-08,15,1132082.865,0.02067960736
2024-02-09,15,1177815.969,0.04039731138
2024-02-10,15,1193049.5,0.01293371044
2024-02-11,15,1206514.19,0.01128594411
2024-02-12,15,1247575.841,0.03403329271
2024-02-13,15,1242044.402,-0.004433749754
2024-02-14,15,1294618.331,0.04232854298
2024-02-15,15,1297265.738,0.002044931801
2024-02-16,15,1303049.719,0.004458594071
2024-02-17,15,1291095.712,-0.009173868519
2024-02-18,15,1304123.855,0.01009076447
2024-02-19,15,1295904.254,-0.006302776666
2024-02-20,15,1308441.979,0.009674885716
2024-02-21,15,1298091.628,-0.007910439832
2024-02-22,15,1284442.143,-0.01051503928
2024-02-23,15,1270623.366,-0.01075858276
2024-02-24,15,1291483.708,0.01641740769
2024-02-25,15,1296639.304,0.00399199455
2024-02-26,15,1364442.422,0.05229142626
2024-02-27,15,1427618.353,0.04630164676
2024-02-28,15,1560881.058,0.09334616956
2024-02-29,15,1528599.838,-0.02068140947
2024-03-01,15,1560270.166,0.02071852089
2024-02-02,16,1000000,0
2024-02-03,16,995530.1082,-0.004469891812
2024-02-04,16,985692.7283,-0.009881549306
2024-02-05,16,988593.1683,0.002942539715
2024-02-06,16,997718.0383,0.009230156845
2024-02-07,16,1026610.908,0.02895895322
2024-02-08,16,1048257.458,0.0210854471
2024-02-09,16,1090830.238,0.04061290446
2024-02-10,16,1105073.958,0.01305768716
2024-02-11,16,1117701.098,0.01142651123
2024-02-12,16,1155239.598,0.03358545505
2024-02-13,16,1150177.458,-0.004381896195
2024-02-14,16,1198691.438,0.04217956077
2024-02-15,16,1200839.588,0.001792079205
2024-02-16,16,1206443.538,0.004666693249
2024-02-17,16,1195300.488,-0.009236279731
2024-02-18,16,1206861.218,0.009671819022
2024-02-19,16,1198649.798,-0.006803947194
2024-02-20,16,1209938.888,0.009418172026
2024-02-21,16,1200551.178,-0.00775882988
2024-02-22,16,1187672.868,-0.01072699793
2024-02-23,16,1175020.838,-0.01065279029
2024-02-24,16,1194146.208,0.01627662198
2024-02-25,16,1198114.638,0.003323236277
2024-02-26,16,1261502.098,0.0529060058
2024-02-27,16,1320499.948,0.04676793648
2024-02-28,16,1444960.908,0.09425290789
2024-02-29,16,1414873.128,-0.02082255639
2024-03-01,16,1444008.968,0.02059254601
2024-03-02,16,1434788.148,-0.006385569759
2024-03-03,16,1460852.838,0.01816622895
2024-03-04,16,1579182.258,0.08100023281
2024-03-05,16,1474913.438,-0.0660270969
2024-03-06,16,1529670.508,0.03712561604
2024-03-07,16,1547226.838,0.01147719715
2024-03-08,16,1577235.498,0.01939512634
2024-03-09,16,1581640.538,0.002792886671
2024-03-10,16,1596570.088,0.009439281327
2024-03-11,16,1668724.308,0.04519326807
2024-03-12,16,1654227.058,-0.008687624389
2024-03-13,16,1692010.918,0.02284079432
2024-03-14,16,1652908.428,-0.02311006955
2024-03-15,16,1609327.838,-0.02636600386
2024-03-16,16,1512026.078,-0.06046111779
2024-03-17,16,1583381.368,0.04719183817
2024-03-18,16,1565031.098,-0.01158929262
2024-03-19,16,1433599.388,-0.08398025454
2024-03-20,16,1570332.198,0.09537727981
2024-03-21,16,1516467.318,-0.03430158285
2024-03-22,16,1476947.828,-0.02606023191
2024-03-23,16,1481372.198,0.002995616985
2024-03-24,16,1555761.638,0.05021657628
2024-03-25,16,1617539.478,0.03970906499
2024-03-26,16,1619984.068,0.001511301599
2024-03-27,16,1607867.058,-0.007479709361
2024-03-28,16,1638175.188,0.01884989797
2024-03-29,16,1616827.808,-0.0130311948
2024-03-30,16,1610588.328,-0.003859087509
2024-03-31,16,1649947.718,0.02443789596
2024-04-01,16,1612015.408,-0.02299000725
2024-04-02,16,1515170.098,-0.06007716148
2024-04-03,16,1526768.008,0.007654526718
2024-04-04,16,1584984.878,0.0381307898
2024-04-05,16,1569582.368,-0.009717764636
2024-04-06,16,1594421.588,0.0158253689
2024-04-07,16,1605300.278,0.006822969583
2024-04-08,16,1657764.628,0.03268195409
2024-04-09,16,1600456.688,-0.03456940691
2024-04-10,16,1634838.028,0.02148220583
2024-04-11,16,1620354.738,-0.00885915898
2024-04-12,16,1553316.228,-0.04137273673
2024-04-13,16,1479226.658,-0.04769767331
2024-04-14,16,1519547.948,0.02725835812
2024-04-15,16,1467810.658,-0.03404781669
2024-04-16,16,1476287.818,0.005775377057
2024-04-17,16,1418204.238,-0.03934434687
2024-04-18,16,1468884.548,0.03573555108
2024-04-19,16,1476880.558,0.005443593242
2024-04-20,16,1502983.058,0.01767407652
2024-04-21,16,1503023.198,0.00002670688786
2024-04-22,16,1546450.668,0.02889341299
2024-04-23,16,1537175.328,-0.00599782469
2024-04-24,16,1488169.578,-0.03188039067
2024-04-25,16,1493022.828,0.00326122108
2024-04-26,16,1476146.238,-0.01130363828
2024-04-27,16,1469301.068,-0.004637189611
2024-04-28,16,1461439.568,-0.005350503154
2024-04-29,16,1478498.868,0.01167294247
2024-04-04,17,1000000,0
2024-04-05,17,997093.6683,-0.002906331715
2024-04-06,17,1009428.586,0.01237087132
2024-04-07,17,1008747.287,-0.0006749351469
2024-04-08,17,1019815.951,0.01097268259
2024-04-09,17,1003325.706,-0.01616982418
2024-04-10,17,1042488.376,0.03903285845
2024-04-11,17,1033217.316,-0.008893202537
2024-04-12,17,998953.2021,-0.03316254331
2024-04-13,17,932266.6314,-0.06675645126
2024-04-14,17,963210.7624,0.03319236152
2024-04-15,17,945020.6537,-0.01888486867
2024-04-16,17,932990.4817,-0.01273006249
2024-04-17,17,911147.3089,-0.02341199956
2024-04-18,17,937972.9195,0.02944157357
2024-04-19,17,938032.495,0.00006351518045
2024-04-20,17,966678.0613,0.03053792534
2024-04-21,17,970110.669,0.00355093165
2024-04-22,17,995259.9579,0.02592414423
2024-04-23,17,999336.9348,0.004096393953
2024-04-24,17,983671.1131,-0.01567621607
2024-04-25,17,988913.0951,0.005328998674
2024-04-26,17,976344.9242,-0.0127090752
2024-04-27,17,1000483.331,0.02472323722
2024-04-28,17,1003371.874,0.002887146656
2024-04-29,17,991441.3069,-0.01189047343
2024-04-30,17,938834.0009,-0.0530614426
2024-05-01,17,922439.7705,-0.01746233138
2024-05-02,17,926106.9568,0.003975529311
2024-05-03,17,963261.8028,0.04011938979
2024-05-04,17,967888.5671,0.004803226201
2024-05-05,17,973517.779,0.005815970999
2024-05-06,17,952131.7355,-0.02196779957
2024-05-07,17,934828.0561,-0.018173619
2024-05-08,17,924579.5055,-0.01096303272
2024-05-09,17,944446.2855,0.02148736791
2024-05-10,17,905562.6655,-0.04117081151
2024-05-11,17,906302.0655,0.0008165089266
2024-05-12,17,911843.6655,0.006114517676
2024-05-13,17,919592.7555,0.008498265978
2024-05-14,17,898202.7655,-0.02326028546
2024-05-15,17,946511.5755,0.053783858
2024-05-16,17,920063.7855,-0.0279423841
2024-05-17,17,964572.4755,0.04837565688
2024-05-18,17,973433.3755,0.009186349626
2024-05-19,17,957784.6855,-0.01607576892
2024-05-20,17,1134228.396,0.1842206423
2024-05-21,17,1169997.916,0.03153643494
2024-05-22,17,1153973.896,-0.01369576799
2024-05-23,17,1166082.126,0.0104926377
2024-05-24,17,1150616.766,-0.01326266792
2024-05-25,17,1157441.546,0.005931410183
2024-05-26,17,1179049.546,0.01866876136
2024-05-27,17,1199625.806,0.01745156518
2024-05-28,17,1184224.066,-0.01283878684
2024-05-29,17,1161072.696,-0.01954982226
2024-05-30,17,1156111.646,-0.004272816008
2024-05-31,17,1159469.686,0.002904598369
2024-06-01,17,1175220.226,0.01358426201
2024-06-02,17,1165095.106,-0.008615508634
2024-06-03,17,1162122.876,-0.002551062129
2024-06-04,17,1176370.116,0.01225966746
2024-06-05,17,1193110.676,0.01423069133
2024-06-06,17,1177568.036,-0.0130269893
2024-06-07,17,1136933.976,-0.03450676205
2024-06-08,17,1137831.336,0.0007892806612
2024-06-09,17,1145369.716,0.006625217433
2024-06-10,17,1134082.076,-0.00985501873
2024-06-11,17,1082405.516,-0.04556686074
2024-06-12,17,1101564.366,0.01770025164
2024-06-13,17,1073764.586,-0.02523663698
2024-06-14,17,1076631.566,0.002670026595
2024-06-15,17,1102028.426,0.02358918391
2024-06-16,17,1118621.346,0.01505670781
2024-06-17,17,1085693.306,-0.02943627004
2024-06-18,17,1076232.696,-0.008713888123
2024-06-19,17,1098387.846,0.02058583622
2024-06-20,17,1084528.766,-0.01261765601
2024-06-21,17,1085374.136,0.0007794813995
2024-06-22,17,1078895.086,-0.005969416248
2024-06-23,17,1056139.486,-0.02109157814
2024-06-24,17,1033450.576,-0.02148287259
2024-06-25,17,1047195.486,0.01330001678
2024-06-26,17,1039448.166,-0.007398160236
2024-06-27,17,1063199.646,0.02285008602
2024-06-28,17,1041536.916,-0.02037503501
2024-06-29,17,1041704.256,0.0001606664128
2024-06-30,17,1060703.986,0.01823908264
2024-07-01,17,1062003.566,0.001225205163
2024-06-03,18,1000000,0
2024-06-04,18,1011340.223,0.01134022291
2024-06-05,18,1026116.623,0.01461071128
2024-06-06,18,1012220.833,-0.01354211544
2024-06-07,18,976354.3332,-0.03543347343
2024-06-08,18,977212.9832,0.000879445065
2024-06-09,18,983773.5332,0.006713531352
2024-06-10,18,973461.9832,-0.01048162982
2024-06-11,18,928228.9832,-0.04646611864
2024-06-12,18,944902.1332,0.01796232428
2024-06-13,18,920822.1332,-0.02548412069
2024-06-14,18,924115.1332,0.003576152094
2024-06-15,18,947164.0332,0.02494158917
2024-06-16,18,961921.7832,0.01558098649
2024-06-17,18,931977.0332,-0.03113012983
2024-06-18,18,924515.0332,-0.008006635072
2024-06-19,18,944965.2832,0.02211997563
2024-06-20,18,932373.1332,-0.013325516
2024-06-21,18,933806.2332,0.001537045577
2024-06-22,18,927787.4832,-0.006445394972
2024-06-23,18,907927.6832,-0.02140554853
2024-06-24,18,889841.1832,-0.01992063942
2024-06-25,18,901039.0832,0.0125841557
2024-06-26,18,894809.1332,-0.006914183987
2024-06-27,18,915761.5332,0.02341549636
2024-06-28,18,897106.0832,-0.02037151521
2024-06-29,18,896753.5332,-0.0003929858538
2024-06-30,18,912508.3332,0.01756870692
2024-07-01,18,913568.3332,0.001161633227
2024-07-02,18,908049.4832,-0.006040982157
2024-07-03,18,874647.1332,-0.03678472442
2024-07-04,18,812079.2332,-0.07153501981
2024-07-05,18,791398.6332,-0.02546623427
2024-07-06,18,813993.4832,0.02855052947
2024-07-07,18,777927.9332,-0.0443069272
2024-07-08,18,801290.3832,0.0300316379
2024-07-09,18,813927.5832,0.01577106161
2024-07-10,18,823059.1832,0.01121917992
2024-07-11,18,822667.1832,-0.0004762719474
2024-07-12,18,831777.3332,0.0110739193
2024-07-13,18,842917.7832,0.01339354844
2024-07-14,18,861267.3332,0.02176908634
2024-07-15,18,924500.4832,0.0734187256
2024-07-16,18,914078.3832,-0.01127322288
2024-07-17,18,898937.5832,-0.01656400619
2024-07-18,18,909397.8332,0.01163623615
2024-07-19,18,929853.7832,0.02249395067
2024-07-20,18,933555.2332,0.003980679616
2024-07-21,18,938455.3332,0.005248859228
2024-07-22,18,912899.9332,-0.02723134399
2024-07-23,18,924260.4832,0.01244446361
2024-07-24,18,885370.9832,-0.0420763418
2024-07-25,18,842874.9332,-0.04799801531
2024-07-26,18,869164.9832,0.03119092639
2024-07-27,18,862382.3832,-0.00780358175
2024-07-28,18,867991.7332,0.006504481202
2024-07-29,18,880560.0332,0.0144797462
2024-07-30,18,870398.5832,-0.01153975836
2024-07-31,18,858060.6332,-0.01417505754
2024-08-01,18,850282.7332,-0.009064510944
2024-08-02,18,793563.9832,-0.06670575303
2024-08-03,18,770755.3332,-0.02874204284
2024-08-04,18,713789.1332,-0.07390957616
2024-08-05,18,642351.2832,-0.1000825688
2024-08-06,18,653453.5832,0.01728384498
2024-08-07,18,622023.5332,-0.0480983666
2024-08-08,18,712128.2332,0.1448573811
2024-08-09,18,689925.6332,-0.03117781176
2024-08-10,18,692906.5332,0.004320610594
2024-08-11,18,678414.0332,-0.02091551935
2024-08-12,18,722677.4332,0.06524540743
2024-08-13,18,717426.5332,-0.007265897286
2024-08-14,18,706562.5832,-0.01514294426
2024-08-15,18,682290.7832,-0.03435194642
2024-08-16,18,688344.3832,0.008872463398
2024-08-17,18,694159.8832,0.008448532657
2024-08-18,18,693513.6832,-0.0009309094572
2024-08-19,18,699983.7332,0.009329376128
2024-08-20,18,683167.6332,-0.02402355827
2024-08-21,18,698509.8832,0.02245751885
2024-08-22,18,696460.5332,-0.002933888338
2024-08-23,18,733472.1332,0.05314242263
2024-08-24,18,734912.5332,0.001963810123
2024-08-25,18,729103.7832,-0.007904001821
2024-08-26,18,711657.7832,-0.02392800641
2024-08-27,18,652490.5832,-0.08313996053
2024-08-28,18,671312.9832,0.02884700636
2024-08-29,18,671120.9832,-0.0002860066836
2024-08-30,18,670691.9332,-0.0006393035098
2024-08-03,19,1000000,0
2024-08-04,19,957375.9499,-0.04262405006
2024-08-05,19,888676.9399,-0.07175760996
2024-08-06,19,921145.298,0.03653561444
2024-08-07,19,905754.398,-0.01670843898
2024-08-08,19,1013980.678,0.1194874463
2024-08-09,19,999575.478,-0.01420658235
2024-08-10,19,1001055.198,0.001480348441
2024-08-11,19,965135.078,-0.03588225711
2024-08-12,19,976949.078,0.01224077362
2024-08-13,19,996598.638,0.02011318752
2024-08-14,19,965728.578,-0.03097541861
2024-08-15,19,946535.698,-0.01987398989
2024-08-16,19,968100.738,0.02278312381
2024-08-17,19,978196.778,0.01042870809
2024-08-18,19,961138.938,-0.01743804558
2024-08-19,19,977559.438,0.01708441865
2024-08-20,19,970128.838,-0.007601174631
2024-08-21,19,1004983.418,0.03592778468
2024-08-22,19,992422.078,-0.012499052
2024-08-23,19,1052400.478,0.06043638219
2024-08-24,19,1054371.998,0.001873355288
2024-08-25,19,1055161.138,0.0007484455216
2024-08-26,19,1032328.738,-0.02163878026
2024-08-27,19,975393.138,-0.05515258648
2024-08-28,19,970021.538,-0.005507112764
2024-08-29,19,975200.098,0.005338603111
2024-08-30,19,971423.678,-0.003872456543
2024-08-31,19,968893.778,-0.002604321942
2024-09-01,19,941266.798,-0.02851394098
2024-09-02,19,971674.018,0.03230457089
2024-09-03,19,944236.418,-0.0282374536
2024-09-04,19,952221.338,0.00845648383
2024-09-05,19,922747.938,-0.03095225745
2024-09-06,19,885839.658,-0.03999822539
2024-09-07,19,889489.398,0.004120090997
2024-09-08,19,901072.038,0.01302167291
2024-09-09,19,936446.838,0.03925857036
2024-09-10,19,946240.878,0.01045872505
2024-09-11,19,940993.338,-0.00554567037
2024-09-12,19,953914.558,0.0137314681
2024-09-13,19,992539.738,0.04049123653
2024-09-14,19,984246.218,-0.008355856882
2024-09-15,19,969452.838,-0.01503016189
2024-09-16,19,954560.478,-0.0153616137
2024-09-17,19,988621.678,0.0356826003
2024-09-18,19,1012087.178,0.02373557097
2024-09-19,19,1031999.778,0.01967478734
2024-09-20,19,1037010.638,0.004855485541
2024-09-21,19,1039887.198,0.002773896327
2024-09-22,19,1043249.998,0.003233812289
2024-09-23,19,1040089.378,-0.003029590229
2024-09-24,19,1054915.038,0.0142542173
2024-09-25,19,1036411.498,-0.01754031304
2024-09-26,19,1069286.278,0.03171981405
2024-09-27,19,1079443.338,0.0094989155
2024-09-28,19,1080659.938,0.001127062401
2024-09-29,19,1076388.198,-0.003952899381
2024-09-30,19,1039443.578,-0.03432276577
2024-10-01,19,997550.218,-0.04030364022
2024-10-02,19,994209.318,-0.003349104576
2024-10-03,19,995721.198,0.001520685808
2024-10-04,19,1017699.938,0.0220731868
2024-10-05,19,1017254.438,-0.0004377518199
2024-10-06,19,1029698.698,0.0122331833
2024-10-07,19,1019990.938,-0.009427767578
2024-10-08,19,1019156.578,-0.0008180072674
2024-10-09,19,994060.858,-0.02462400827
2024-10-10,19,989266.978,-0.004822521641
2024-10-11,19,1025214.838,0.03633787521
2024-10-12,19,1036243.358,0.010757277
2024-10-13,19,1030789.258,-0.005263338923
2024-10-14,19,1083821.578,0.05144826606
2024-10-15,19,1099440.178,0.01441067452
2024-10-16,19,1108210.998,0.007977532726
2024-10-17,19,1104986.318,-0.002909806892
2024-10-18,19,1121449.538,0.01489902611
2024-10-19,19,1120709.838,-0.0006595927636
2024-10-20,19,1132160.778,0.01021757783
2024-10-21,19,1104886.838,-0.02409016505
2024-10-22,19,1105223.938,0.0003050991182
2024-10-23,19,1092124.338,-0.01185243963
2024-10-24,19,1116710.518,0.02251225355
2024-10-25,19,1091759.318,-0.02234348078
2024-10-26,19,1098489.098,0.006164160808
2024-10-27,19,1113605.038,0.01376066456
2024-10-28,19,1145249.998,0.02841668179
2024-10-29,19,1190350.558,0.03938053707
2024-10-30,19,1184287.578,-0.005093440717
2024-10-31,19,1150038.098,-0.02891990141
2024-10-03,20,1000000,0
2024-10-04,20,1027359.384,0.0273593835
2024-10-05,20,1027465.634,0.0001034204794
2024-10-06,20,1038247.884,0.01049402496
2024-10-07,20,1030886.884,-0.007089829045
2024-10-08,20,1038613.384,0.007495002724
2024-10-09,20,1008684.884,-0.02881582355
2024-10-10,20,1015493.384,0.006749878095
2024-10-11,20,1038022.634,0.02218552121
2024-10-12,20,1053705.134,0.01510805207
2024-10-13,20,1050521.884,-0.003021006446
2024-10-14,20,1118895.884,0.06508574555
2024-10-15,20,1109384.384,-0.00850079095
2024-10-16,20,1110952.634,0.001413621846
2024-10-17,20,1108700.134,-0.002027539188
2024-10-18,20,1124157.384,0.01394177698
2024-10-19,20,1126720.134,0.002279707484
2024-10-20,20,1168671.884,0.03723351412
2024-10-21,20,1134582.634,-0.02916922233
2024-10-22,20,1115929.384,-0.01644062711
2024-10-23,20,1074194.384,-0.0373993199
2024-10-24,20,1078958.634,0.00443518424
2024-10-25,20,1038498.634,-0.03749912067
2024-10-26,20,1056301.884,0.01714325799
2024-10-27,20,1067050.134,0.01017535817
2024-10-28,20,1092414.134,0.02377020461
2024-10-29,20,1122725.134,0.02774680322
2024-10-30,20,1131390.884,0.007718496488
2024-10-31,20,1071644.384,-0.05280800904
2024-11-01,20,1068618.384,-0.002823697904
2024-11-02,20,1061282.884,-0.00686447109
2024-11-03,20,1045770.384,-0.01461674379
2024-11-04,20,1020474.384,-0.02418886631
2024-11-05,20,1030818.884,0.01013695215
2024-11-06,20,1158029.884,0.1234077121
2024-11-07,20,1231809.884,0.06371165464
2024-11-08,20,1259978.884,0.02286797693
2024-11-09,20,1329874.384,0.05547354874
2024-11-10,20,1354099.384,0.01821600619
2024-11-11,20,1434160.884,0.05912527616
2024-11-12,20,1379850.134,-0.03786935666
2024-11-13,20,1355778.134,-0.01744537281
2024-11-14,20,1301233.634,-0.04023114008
2024-11-15,20,1314489.384,0.01018706377
2024-11-16,20,1332704.884,0.01385747213
2024-11-17,20,1308535.134,-0.01813586061
2024-11-18,20,1364550.134,0.04280741003
2024-11-19,20,1321897.134,-0.0312579208
2024-11-20,20,1305972.384,-0.01204689049
2024-11-21,20,1427454.384,0.09302034372
2024-11-22,20,1415541.634,-0.008345450571
2024-11-23,20,1443646.884,0.01985476749
2024-11-24,20,1429745.134,-0.009629605521
2024-11-25,20,1452393.384,0.01584076034
2024-11-26,20,1414245.384,-0.02626561125
2024-11-27,20,1553879.134,0.09873374991
2024-11-28,20,1522220.884,-0.02037368887
2024-11-29,20,1527924.384,0.003746828113
2024-11-30,20,1575265.134,0.03098369953
2024-12-01,20,1576969.384,0.00108188137
2024-12-02,20,1549688.634,-0.0172994798
2024-12-03,20,1537401.884,-0.007928528179
2024-12-04,20,1632300.134,0.06172637813
2024-12-05,20,1609945.134,-0.01369539801
2024-12-06,20,1700754.884,0.05640549365
2024-12-07,20,1699628.634,-0.000662205948
2024-12-08,20,1702998.884,0.001982933174
2024-12-09,20,1578835.134,-0.07290888515
2024-12-10,20,1543241.384,-0.02254431083
2024-12-11,20,1629754.384,0.05605927947
2024-12-12,20,1650919.384,0.01298661947
2024-12-13,20,1661625.134,0.006484720034
2024-12-14,20,1646108.384,-0.009338297602
2024-12-15,20,1683848.384,0.02292680141
2024-12-16,20,1695387.134,0.006852606276
2024-12-17,20,1655764.384,-0.02337091583
2024-12-18,20,1542625.134,-0.06833052524
2024-12-19,20,1453464.384,-0.05779806647
2024-12-20,20,1476924.384,0.01614074639
2024-12-21,20,1420276.134,-0.03835555201
2024-12-22,20,1396012.884,-0.01708347372
2024-12-23,20,1455810.384,0.04283449007
2024-12-24,20,1485836.634,0.02062511048
2024-12-25,20,1487460.134,0.001092650405
2024-12-26,20,1418631.384,-0.04627266873
2024-12-27,20,1417976.884,-0.0004613601585
2024-12-28,20,1447935.134,0.02112746008
2024-12-29,20,1427739.134,-0.01394813865
2024-12-30,20,1430017.134,0.001595529566
2024-12-31,20,1419791.634,-0.007150613626
2024-12-03,21,1000000,0
2024-12-04,21,1061528.28,0.06152827952
2024-12-05,21,1046943.168,-0.01373972992
2024-12-06,21,1105955.448,0.05636626879
2024-12-07,21,1105282.548,-0.0006084331891
2024-12-08,21,1107448.068,0.001959245629
2024-12-09,21,1026656.238,-0.07295315452
2024-12-10,21,1003504.068,-0.02255104401
2024-12-11,21,1059789.858,0.05608924947
2024-12-12,21,1073518.338,0.01295396432
2024-12-13,21,1080530.628,0.006532063547
2024-12-14,21,1070424.078,-0.009353321175
2024-12-15,21,1094942.118,0.02290497805
2024-12-16,21,1102440.648,0.00684833461
2024-12-17,21,1076700.498,-0.02334833177
2024-12-18,21,1003132.608,-0.06832716262
2024-12-19,21,945168.2877,-0.05778330757
2024-12-20,21,960442.4277,0.01616023326
2024-12-21,21,923609.0577,-0.03835041949
2024-12-22,21,907811.0577,-0.01710463953
2024-12-23,21,946777.4277,0.04292343618
2024-12-24,21,966285.0477,0.02060423013
2024-12-25,21,967356.8277,0.00110917581
2024-12-26,21,922618.6677,-0.04624783608
2024-12-27,21,922200.9777,-0.000452722251
2024-12-28,21,941747.0577,0.02119503283
2024-12-29,21,928549.2777,-0.01401414519
2024-12-30,21,930060.5877,0.001627603442
2024-12-31,21,923410.8477,-0.00714979227
2025-01-01,21,929665.0677,0.006772954872
2025-01-02,21,955960.3377,0.02828467038
2025-01-03,21,998308.0677,0.04429862656
2025-01-04,21,1011515.778,0.01323009442
2025-01-05,21,1005737.778,-0.005712219352
2025-01-06,21,1020001.128,0.01418197697
2025-01-07,21,935412.2577,-0.08293017302
2025-01-08,21,920496.7977,-0.01594533306
2025-01-09,21,890632.3077,-0.03244388256
2025-01-10,21,903859.3377,0.01485128025
2025-01-11,21,908227.8477,0.004833174608
2025-01-12,21,903931.4877,-0.004730486971
2025-01-13,21,868095.3477,-0.03964475238
2025-01-14,21,892447.2177,0.02805206832
2025-01-15,21,954839.9577,0.06991196652
2025-01-16,21,915222.7677,-0.04149092178
2025-01-17,21,960963.8277,0.04997806175
2025-01-18,21,915133.1877,-0.04769236748
2025-01-19,21,889499.3577,-0.02801103746
2025-01-20,21,908508.1977,0.02137026838
2025-01-21,21,920554.3377,0.01325925295
2025-01-22,21,897120.8277,-0.02545586832
2025-01-23,21,923491.8477,0.02939517085
2025-01-24,21,915702.8577,-0.008434281277
2025-01-25,21,918116.3877,0.002635713081
2025-01-26,21,894279.1377,-0.02596321155
2025-01-27,21,880469.3277,-0.01544239312
2025-01-28,21,851511.2577,-0.03288935695
2025-01-29,21,861516.9777,0.01175054341
2025-01-30,21,898388.8977,0.04279883154
2025-01-31,21,913182.3177,0.01646661044
2025-02-01,21,862476.5277,-0.05552646938
2025-02-02,21,793961.7477,-0.07943958798
2025-02-03,21,796780.6977,0.003550485912
2025-02-04,21,755603.1777,-0.05167986639
2025-02-05,21,771342.3177,0.02082990181
2025-02-06,21,743304.4677,-0.03634942536
2025-02-07,21,725509.3977,-0.02394048573
2025-02-08,21,728472.7977,0.00408457838
2025-02-09,21,727025.7777,-0.001986374789
2025-02-10,21,736421.0577,0.01292289804
2025-02-11,21,720317.8377,-0.0218668652
2025-02-12,21,757929.9777,0.05221603302
2025-02-13,21,740610.9477,-0.02285043541
2025-02-14,21,754417.9977,0.0186427841
2025-02-15,21,745342.3377,-0.01203001523
2025-02-16,21,736645.1277,-0.01166874543
2025-02-17,21,759436.9977,0.03094009469
2025-02-18,21,739490.4477,-0.02626491738
2025-02-19,21,751514.8077,0.01626033174
2025-02-20,21,757744.7877,0.008289896535
2025-02-21,21,737007.0777,-0.02736767093
2025-02-22,21,764731.0977,0.03761703359
2025-02-23,21,780286.3677,0.02034083621
2025-02-24,21,695650.7877,-0.1084673314
2025-02-25,21,690760.3377,-0.007030035884
2025-02-26,21,646749.4977,-0.06371361759
2025-02-27,21,638823.6177,-0.01225494574
2025-02-28,21,619415.7177,-0.03038068641
2025-03-01,21,613900.0977,-0.00890455286
2025-03-02,21,696946.8477,0.1352773038
2025-02-02,22,1000000,0
2025-02-03,22,1036181.599,0.03618159941
2025-02-04,22,1000527.699,-0.03440892988
2025-02-05,22,989020.6994,-0.01150093097
2025-02-06,22,988439.8994,-0.0005872475676
2025-02-07,22,987964.3994,-0.0004810611149
2025-02-08,22,987343.7994,-0.0006281602863
2025-02-09,22,987523.8994,0.0001824085998
2025-02-10,22,997204.5994,0.009803003255
2025-02-11,22,980678.3994,-0.01657252685
2025-02-12,22,1001596.299,0.02133003033
2025-02-13,22,988977.7994,-0.0125983892
2025-02-14,22,997901.1994,0.009022851681
2025-02-15,22,998592.9994,0.000693255004
2025-02-16,22,984077.5994,-0.01453585195
2025-02-17,22,980696.3994,-0.003435907902
2025-02-18,22,979613.7994,-0.001103909427
2025-02-19,22,989340.0994,0.009928708646
2025-02-20,22,1005946.399,0.01678522887
2025-02-21,22,984716.1994,-0.02110470301
2025-02-22,22,988406.4994,0.003747577223
2025-02-23,22,985476.3994,-0.002964468568
2025-02-24,22,938425.1994,-0.04774462385
2025-02-25,22,909700.3994,-0.0306095787
2025-02-26,22,865397.2994,-0.04870075909
2025-02-27,22,869982.1994,0.005298029013
2025-02-28,22,866395.7994,-0.004122383196
2025-03-01,22,883541.6994,0.01978991589
2025-03-02,22,965596.3994,0.09287020641
2025-03-03,22,885102.4994,-0.08336184771
2025-03-04,22,895716.1994,0.01199149252
2025-03-05,22,928956.4994,0.03711030349
2025-03-06,22,922215.2994,-0.007256744535
2025-03-07,22,890913.8994,-0.0339415319
2025-03-08,22,885120.8994,-0.006502311844
2025-03-09,22,830240.0994,-0.06200373309
2025-03-10,22,808854.9994,-0.02575772962
2025-03-11,22,852226.2994,0.05362061189
2025-03-12,22,859697.5994,0.008766802908
2025-03-13,22,834054.1994,-0.02982839549
2025-03-14,22,862728.3994,0.03437930055
2025-03-15,22,866280.7994,0.004117634243
2025-03-16,22,848641.6994,-0.02036187344
2025-03-17,22,862996.6994,0.0169152659
2025-03-18,22,850046.6994,-0.01500585113
2025-03-19,22,891355.7994,0.04859627127
2025-03-20,22,865130.2994,-0.02942203329
2025-03-21,22,863784.2994,-0.001555835001
2025-03-22,22,861302.2994,-0.00287340254
2025-03-23,22,883721.3994,0.02602930471
2025-03-24,22,897877.9994,0.01601930202
2025-03-25,22,896825.0994,-0.001172653747
2025-03-26,22,891988.0994,-0.005393470815
2025-03-27,22,895216.4994,0.003619330798
2025-03-28,22,867140.1994,-0.03136258103
2025-03-29,22,849381.7994,-0.02047927199
2025-03-30,22,846796.2994,-0.003043978576
2025-03-31,22,848396.4994,0.001889710667
2025-04-01,22,874479.7994,0.03074423341
2025-04-02,22,848059.2994,-0.03021281912
2025-04-03,22,855027.2994,0.008216406571
2025-04-04,22,861795.0994,0.007915302827
2025-04-05,22,858276.2994,-0.00408310514
2025-04-06,22,807196.3994,-0.05951451769
2025-04-07,22,814528.7994,0.009083786803
2025-04-08,22,786120.5994,-0.03487685153
2025-04-09,22,849048.5994,0.08004878647
2025-04-10,22,818969.3994,-0.03542694732
2025-04-11,22,857134.7994,0.0466017412
2025-04-12,22,875665.3994,0.02161923657
2025-04-13,22,860496.3994,-0.01732282674
2025-04-14,22,868812.1994,0.009663956765
2025-04-15,22,859336.2994,-0.01090672991
2025-04-16,22,863200.1994,0.004496377033
2025-04-17,22,872375.4994,0.01062939977
2025-04-18,22,867643.2994,-0.005424498972
2025-04-19,22,873666.4994,0.006942023299
2025-04-20,22,874688.7994,0.00117012613
2025-04-21,22,898058.6994,0.02671795959
2025-04-22,22,957326.2994,0.06599524067
2025-04-23,22,959807.1994,0.0025914884
2025-04-24,22,962701.0994,0.003015084698
2025-04-25,22,969283.1994,0.006837116945
2025-04-26,22,969176.3994,-0.0001101845158
2025-04-27,22,960389.3994,-0.009066460972
2025-04-28,22,973008.1994,0.01313925373
2025-04-29,22,965464.5994,-0.007752863752
